,Media,Date,Tweet Text,Compound,Positive,Negative,Neutral,Tweets Ago
0,BBC,Wed Mar 07 19:12:02 +0000 2018,"'Harry was looking at his family for the first time in his life'. 

üíõ‚ö°Ô∏è‚ú® David Thewlis reading #HarryPotter is trul‚Ä¶ https://t.co/wAyCDFvrX2",0.0,0.0,0.0,1.0,100
1,BBC,Wed Mar 07 18:23:04 +0000 2018,"‚úÇÔ∏è ‚ÄòMy hair is a symbol of pride.‚Äô

üíáüèΩüíáüèøüíáüèæ Six stories about black women's hair.
üëâ https://t.co/NfNvGpKpVi https://t.co/V1qrRJzwfu",0.0,0.0,0.0,1.0,99
2,BBC,Wed Mar 07 17:42:01 +0000 2018,The little mouse that inspired Pikachu is actually a rabbit! https://t.co/AxOQOaK4dS,0.4987,0.264,0.0,0.736,98
3,BBC,Wed Mar 07 17:27:29 +0000 2018,"RT @BBCTwo: If you haven't seen #ACSVersace yet, Pen√©lope Cruz as Donatella Versace is everything... https://t.co/lH9kfRGqO2",0.0,0.0,0.0,1.0,97
4,BBC,Wed Mar 07 17:22:51 +0000 2018,"RT @BBCBreakfast: In many ways Hedy Lamarr was the archetypal Hollywood starlet, but the Austrian born actress was also an inventor and the‚Ä¶",0.0,0.0,0.0,1.0,96
5,BBC,Wed Mar 07 17:22:23 +0000 2018,RT @BBCScotlandNews: A Scottish school has won a prestigious award for its pioneering work helping children with their reading and writing‚Ä¶,0.8555,0.37,0.0,0.63,95
6,BBC,Wed Mar 07 17:16:45 +0000 2018,RT @bbceurovision: A storm is coming.@surieofficial  ‚õà üëâ https://t.co/LYIiBgcZdA https://t.co/heOKLnjo2N,0.0,0.0,0.0,1.0,94
7,BBC,Wed Mar 07 17:14:49 +0000 2018,RT @BBCTwo: Nostalgia heaven! How many of these 80s &amp; 90s things can you remember? ü§î #BackInTimeForTea https://t.co/l0R6nHrTj1,0.5562,0.183,0.0,0.817,93
8,BBC,Wed Mar 07 17:13:49 +0000 2018,"üìñ Time to 'embiggen' your vocabulary.

A new word, first heard on @TheSimpsons in 1996, has been added to the‚Ä¶ https://t.co/qGvkGgjAcB",0.0,0.0,0.0,1.0,92
9,BBC,Wed Mar 07 16:15:06 +0000 2018,RT @bbccomedy: WOOF! ‚ù§Ô∏è#RikMayallDay https://t.co/ioJtvYVFRO,0.0,0.0,0.0,1.0,91
10,BBC,Wed Mar 07 14:30:03 +0000 2018,üò± The most hardcore baptism you‚Äôll ever see. https://t.co/aEsVqMUPQ2,0.0,0.0,0.0,1.0,90
11,BBC,Wed Mar 07 13:24:05 +0000 2018,"#InternationalWomensDay is tomorrow, so there's no better time to test how much you know about female suffrage.
üëâ‚Ä¶ https://t.co/6ulqfr8zyL",0.1742,0.14,0.109,0.751,89
12,BBC,Wed Mar 07 12:30:04 +0000 2018,üöÇüíÄ All aboard London's Victorian railway for the dead. https://t.co/L7vJO4ybeD,-0.6369,0.082,0.321,0.597,88
13,BBC,Wed Mar 07 11:42:44 +0000 2018,"üòç The first polar bear cub to be born in the UK for 25 years has emerged at the @RZSS's @HighlandWPark!
üëâ‚Ä¶ https://t.co/4fhzBaxwjF",0.0,0.0,0.0,1.0,87
14,BBC,Wed Mar 07 11:07:18 +0000 2018,"RT @bbccomedy: Today would have been the 60th birthday of the legend, the genius, the king Rik Mayall. We miss you, sir! #RikMayallDay http‚Ä¶",-0.2244,0.0,0.076,0.924,86
15,BBC,Wed Mar 07 10:46:56 +0000 2018,The wreck of a US aircraft carrier that was sunk during WW2 has been found off the coast of Australia. https://t.co/8NQfRdFXTE,-0.4404,0.0,0.132,0.868,85
16,BBC,Wed Mar 07 10:41:15 +0000 2018,RT @BBCFOUR: There's a very good reason this extreme firework was banned... https://t.co/pdfpcDiJ4h,0.4927,0.225,0.0,0.775,84
17,BBC,Wed Mar 07 09:58:38 +0000 2018,"RT @CBeebiesHQ: 3 out of 4 parents wouldn‚Äôt be able to save their baby from choking. 

Learn how to help in a first aid emergency‚Ä¶https://t‚Ä¶",0.4404,0.211,0.108,0.681,83
18,BBC,Wed Mar 07 09:00:07 +0000 2018,A moving story of how one woman transformed Alzheimer‚Äôs research forever. ‚ù§Ô∏èhttps://t.co/2fwJDbWT8x,0.0,0.0,0.0,1.0,82
19,BBC,Wed Mar 07 08:46:22 +0000 2018,RT @BBCOne: They've smashed the record for the highest profit EVER on Antiques Road Trip! üò≤ https://t.co/TNuRcp2EOq,0.4926,0.175,0.0,0.825,81
20,BBC,Wed Mar 07 19:12:02 +0000 2018,"'Harry was looking at his family for the first time in his life'. 

üíõ‚ö°Ô∏è‚ú® David Thewlis reading #HarryPotter is trul‚Ä¶ https://t.co/wAyCDFvrX2",0.0,0.0,0.0,1.0,80
21,BBC,Wed Mar 07 18:23:04 +0000 2018,"‚úÇÔ∏è ‚ÄòMy hair is a symbol of pride.‚Äô

üíáüèΩüíáüèøüíáüèæ Six stories about black women's hair.
üëâ https://t.co/NfNvGpKpVi https://t.co/V1qrRJzwfu",0.0,0.0,0.0,1.0,79
22,BBC,Wed Mar 07 17:42:01 +0000 2018,The little mouse that inspired Pikachu is actually a rabbit! https://t.co/AxOQOaK4dS,0.4987,0.264,0.0,0.736,78
23,BBC,Wed Mar 07 17:27:29 +0000 2018,"RT @BBCTwo: If you haven't seen #ACSVersace yet, Pen√©lope Cruz as Donatella Versace is everything... https://t.co/lH9kfRGqO2",0.0,0.0,0.0,1.0,77
24,BBC,Wed Mar 07 17:22:51 +0000 2018,"RT @BBCBreakfast: In many ways Hedy Lamarr was the archetypal Hollywood starlet, but the Austrian born actress was also an inventor and the‚Ä¶",0.0,0.0,0.0,1.0,76
25,BBC,Wed Mar 07 17:22:23 +0000 2018,RT @BBCScotlandNews: A Scottish school has won a prestigious award for its pioneering work helping children with their reading and writing‚Ä¶,0.8555,0.37,0.0,0.63,75
26,BBC,Wed Mar 07 17:16:45 +0000 2018,RT @bbceurovision: A storm is coming.@surieofficial  ‚õà üëâ https://t.co/LYIiBgcZdA https://t.co/heOKLnjo2N,0.0,0.0,0.0,1.0,74
27,BBC,Wed Mar 07 17:14:49 +0000 2018,RT @BBCTwo: Nostalgia heaven! How many of these 80s &amp; 90s things can you remember? ü§î #BackInTimeForTea https://t.co/l0R6nHrTj1,0.5562,0.183,0.0,0.817,73
28,BBC,Wed Mar 07 17:13:49 +0000 2018,"üìñ Time to 'embiggen' your vocabulary.

A new word, first heard on @TheSimpsons in 1996, has been added to the‚Ä¶ https://t.co/qGvkGgjAcB",0.0,0.0,0.0,1.0,72
29,BBC,Wed Mar 07 16:15:06 +0000 2018,RT @bbccomedy: WOOF! ‚ù§Ô∏è#RikMayallDay https://t.co/ioJtvYVFRO,0.0,0.0,0.0,1.0,71
30,BBC,Wed Mar 07 14:30:03 +0000 2018,üò± The most hardcore baptism you‚Äôll ever see. https://t.co/aEsVqMUPQ2,0.0,0.0,0.0,1.0,70
31,BBC,Wed Mar 07 13:24:05 +0000 2018,"#InternationalWomensDay is tomorrow, so there's no better time to test how much you know about female suffrage.
üëâ‚Ä¶ https://t.co/6ulqfr8zyL",0.1742,0.14,0.109,0.751,69
32,BBC,Wed Mar 07 12:30:04 +0000 2018,üöÇüíÄ All aboard London's Victorian railway for the dead. https://t.co/L7vJO4ybeD,-0.6369,0.082,0.321,0.597,68
33,BBC,Wed Mar 07 11:42:44 +0000 2018,"üòç The first polar bear cub to be born in the UK for 25 years has emerged at the @RZSS's @HighlandWPark!
üëâ‚Ä¶ https://t.co/4fhzBaxwjF",0.0,0.0,0.0,1.0,67
34,BBC,Wed Mar 07 11:07:18 +0000 2018,"RT @bbccomedy: Today would have been the 60th birthday of the legend, the genius, the king Rik Mayall. We miss you, sir! #RikMayallDay http‚Ä¶",-0.2244,0.0,0.076,0.924,66
35,BBC,Wed Mar 07 10:46:56 +0000 2018,The wreck of a US aircraft carrier that was sunk during WW2 has been found off the coast of Australia. https://t.co/8NQfRdFXTE,-0.4404,0.0,0.132,0.868,65
36,BBC,Wed Mar 07 10:41:15 +0000 2018,RT @BBCFOUR: There's a very good reason this extreme firework was banned... https://t.co/pdfpcDiJ4h,0.4927,0.225,0.0,0.775,64
37,BBC,Wed Mar 07 09:58:38 +0000 2018,"RT @CBeebiesHQ: 3 out of 4 parents wouldn‚Äôt be able to save their baby from choking. 

Learn how to help in a first aid emergency‚Ä¶https://t‚Ä¶",0.4404,0.211,0.108,0.681,63
38,BBC,Wed Mar 07 09:00:07 +0000 2018,A moving story of how one woman transformed Alzheimer‚Äôs research forever. ‚ù§Ô∏èhttps://t.co/2fwJDbWT8x,0.0,0.0,0.0,1.0,62
39,BBC,Wed Mar 07 08:46:22 +0000 2018,RT @BBCOne: They've smashed the record for the highest profit EVER on Antiques Road Trip! üò≤ https://t.co/TNuRcp2EOq,0.4926,0.175,0.0,0.825,61
40,BBC,Wed Mar 07 08:46:14 +0000 2018,"RT @bbc5live: What happens to your old paint?

A scheme in Leeds to recycle unused paint has saved hundreds of tons of leftovers from endin‚Ä¶",0.4215,0.109,0.0,0.891,60
41,BBC,Wed Mar 07 08:45:50 +0000 2018,"RT @BBCTwo: When this father and daughter paddled into the sea, they had no idea how much danger they were in... #SavingLivesAtSea https://‚Ä¶",-0.6808,0.0,0.211,0.789,59
42,BBC,Wed Mar 07 08:44:59 +0000 2018,"RT @cbbc: There are over 128,000 children in the UK without a home.

Watch CBBC's powerful documentary about homeless children on @BBCiPlay‚Ä¶",0.4215,0.123,0.0,0.877,58
43,BBC,Wed Mar 07 08:30:07 +0000 2018,"Dirty water kills millions every year. 

But one ingenious invention can remove dangerous microbes as they flow tow‚Ä¶ https://t.co/isjxUnr3Dp",-0.8591,0.0,0.373,0.627,57
44,BBC,Wed Mar 07 08:00:04 +0000 2018,"La Dame de Brassempouy is a beautiful 25,000 year-old representation of a female face. 
#Civilisations https://t.co/aKGUlvJFGF",0.5994,0.231,0.0,0.769,56
45,BBC,Tue Mar 06 19:30:06 +0000 2018,"üòÇüôä Who has a filthier mouth, Jennifer Lawrence or James McAvoy? https://t.co/lOfGcHVo6R",0.0,0.0,0.0,1.0,55
46,BBC,Tue Mar 06 18:30:07 +0000 2018,"A diver swims through a thick soup of plastic waste near Bali.
https://t.co/W8GJNKq8rm",-0.4215,0.0,0.219,0.781,54
47,BBC,Tue Mar 06 18:03:04 +0000 2018,"Every day around the UK, an army of unpaid volunteers put their lives on the line to try and save complete stranger‚Ä¶ https://t.co/W3Fel1iPSK",0.4939,0.127,0.0,0.873,53
48,BBC,Tue Mar 06 17:30:07 +0000 2018,"Impressive and terrifying in equal measure. 

This woman doesn't just sleepwalk... she sleep-drives too. https://t.co/Ovwb4dNaYJ",-0.1027,0.165,0.185,0.65,52
49,BBC,Tue Mar 06 17:25:44 +0000 2018,RT @bbcwritersroom: New #Brexit #comedy Soft Border Patrol is set on the border between #NorthernIreland and the Republic of #Ireland. We p‚Ä¶,0.0,0.0,0.0,1.0,51
50,BBC,Tue Mar 06 17:02:04 +0000 2018,üêß Scientists have stumbled across a huge group of previously unknown Ad√©lie penguins on the most northerly point of‚Ä¶ https://t.co/3GQ8PlQyMY,0.3182,0.119,0.0,0.881,50
51,BBC,Tue Mar 06 15:30:10 +0000 2018,"Too many Lego bricks is a problem many parents will sympathise with, but now the toy firm itself has admitted it ha‚Ä¶ https://t.co/4J0whItWAN",-0.0644,0.068,0.079,0.853,49
52,BBC,Tue Mar 06 14:44:33 +0000 2018,RT @bbccomedy: Nothing says welcome to the neighbourhood quite like everyone's favourite busybody üòÇ#TwoDoorsDown https://t.co/dClRm13dm9,0.6997,0.308,0.0,0.692,48
53,BBC,Tue Mar 06 14:30:05 +0000 2018,"üçª Cheers to that! 

Pubs will be allowed to stay open later than usual to give everyone a chance to celebrate Princ‚Ä¶ https://t.co/K7toUnOwSG",0.8439,0.336,0.0,0.664,47
54,BBC,Tue Mar 06 13:48:06 +0000 2018,"Tickets, food wrappers and posters provide a fascinating insight into the creativity of North Korea, and the image‚Ä¶ https://t.co/oe4tZwlBJw",0.7269,0.276,0.0,0.724,46
55,BBC,Tue Mar 06 13:12:33 +0000 2018,"RT @bbcthree: No you can't cure depression with meditation, kale or by simply cheering up. https://t.co/gsM8lRX6N2",0.6246,0.293,0.102,0.605,45
56,BBC,Tue Mar 06 13:11:26 +0000 2018,RT @BBCScotlandNews: A giant three-dimensional concrete map of Scotland is to be officially unveiled next month in the Borders https://t.co‚Ä¶,0.0,0.0,0.0,1.0,44
57,BBC,Tue Mar 06 13:10:12 +0000 2018,"üëü‚ôªÔ∏è British designer Anna Bullus is on a mission to recycle chewing gum into useful objects, cleaning up our street‚Ä¶ https://t.co/WbBeJSXXqF",0.4404,0.132,0.0,0.868,43
58,BBC,Tue Mar 06 12:30:05 +0000 2018,What happened to the beautiful Opal Reef that was one of the stars of David Attenborough's #BluePlanet2? https://t.co/RMNYfrBbdK,0.5994,0.187,0.0,0.813,42
59,BBC,Tue Mar 06 10:18:16 +0000 2018,"RT @BBCSportWales: We could watch this all day! 

Welcome to the wonderful world of football analogies - starring @SwansOfficial manager Ca‚Ä¶",0.7901,0.28,0.0,0.72,41
60,BBC,Tue Mar 06 09:00:05 +0000 2018,üêí‚ù§Ô∏è This baby chimp is being flown to a new home in DR Congo after it was rescued from poachers. https://t.co/rUZzDVLBt8,0.4215,0.128,0.0,0.872,40
61,BBC,Tue Mar 06 08:30:10 +0000 2018,üíçüôÖ Crippling costs and parents' split-ups could be to blame for the declining number of marriages between men and w‚Ä¶ https://t.co/avVWNgx3jH,-0.2732,0.057,0.106,0.837,39
62,BBC,Tue Mar 06 08:03:02 +0000 2018,"We've all heard thunder before, but what does lightning sound like? ‚ö°Ô∏èü§îhttps://t.co/3BGKK7iukQ",0.5023,0.228,0.0,0.772,38
63,BBC,Mon Mar 05 19:30:07 +0000 2018,üòÇ Who actually watched the #Oscars? https://t.co/opThFzy37n,0.0,0.0,0.0,1.0,37
64,BBC,Mon Mar 05 18:38:04 +0000 2018,"No meat. No fish. No eggs. No milk. No cheese. How hard is it to go vegan for a month? 

ü•¶ü•ëüçè Nesta McGregor investi‚Ä¶ https://t.co/1UBRGqIOp6",-0.8555,0.0,0.408,0.592,36
65,BBC,Mon Mar 05 17:23:22 +0000 2018,"Like father, like daughter.

üòÇüî• @GordonRamsay's daughter has already mastered the art of the roast. https://t.co/0dqwntX5uj",0.6124,0.263,0.0,0.737,35
66,BBC,Mon Mar 05 17:15:34 +0000 2018,RT @BBCFOUR: The little mouse that inspired Pikachu is actually... a rabbit. https://t.co/mHCFFXczka,0.4472,0.211,0.0,0.789,34
67,BBC,Mon Mar 05 17:00:31 +0000 2018,"""I made a promise to our six-year-old lead actress that I would sign this speech. My hands are shaking a little bit‚Ä¶ https://t.co/HgFpUtHDTB",0.1531,0.105,0.077,0.818,33
68,BBC,Mon Mar 05 14:48:43 +0000 2018,"RT @BBCRadio4: As it's Hexagonal Phase approaches, a brief history of the Hitchhiker's Guide: https://t.co/Ehp9AfMyn8 #h2g2 https://t.co/9F‚Ä¶",0.0,0.0,0.0,1.0,32
69,BBC,Mon Mar 05 14:43:13 +0000 2018,RT @BBCFOUR: How did Julius Caesar hide his bald patch? https://t.co/SME5Dfwifj,-0.1779,0.0,0.145,0.855,31
70,BBC,Mon Mar 05 14:42:36 +0000 2018,"RT @BBC_Teach: Thursday is #InternationalWomensDay

Reflecting on The Representation of the People Act with your class? @gemcairn traces th‚Ä¶",0.0,0.0,0.0,1.0,30
71,BBC,Mon Mar 05 14:11:28 +0000 2018,"RT @bbc5live: When you almost (accidentally) kill @Harry_Styles on the set of Dunkirk‚Ä¶ üò≥

 #Oscars https://t.co/G127l5yPkY",-0.6621,0.0,0.24,0.76,29
72,BBC,Mon Mar 05 14:07:00 +0000 2018,"RT @cbbc: Which football clubs charge the most for their pies? Take the imPIErative quiz here ‚öΩÔ∏èüç¥ üëâ https://t.co/xlSch4HVvl

#BritishPieWee‚Ä¶",0.0,0.0,0.0,1.0,28
73,BBC,Mon Mar 05 13:17:03 +0000 2018,"üê∂üíõ Little Ivor the Staffordshire puppy is deaf, but since learning sign language his life has changed for the bette‚Ä¶ https://t.co/vL83oBTAIL",0.0,0.0,0.0,1.0,27
74,BBC,Mon Mar 05 13:07:19 +0000 2018,RT @BBCFood: #MeatFreeMonday + #BritishPieWeek = Lancashire cheese and onion pie üôå ü•ßüßÄ https://t.co/07cH2MESmI https://t.co/G79WTJJnKr,0.0,0.0,0.0,1.0,26
75,BBC,Mon Mar 05 12:34:04 +0000 2018,"What is the best way to cope with adult acne? @BBCWomansHour asked dermatologist @DrAnjaliMahto to find out... 
üìªüëâ‚Ä¶ https://t.co/DxHxgWTslT",0.6369,0.189,0.0,0.811,25
76,BBC,Mon Mar 05 12:33:12 +0000 2018,"RT @bbcgetinspired: It was a feat some doctors said was impossible. Then Roger Bannister came along.

The first man to run a four-minute mi‚Ä¶",0.0,0.0,0.0,1.0,24
77,BBC,Mon Mar 05 11:54:02 +0000 2018,"üêãüèä What an experience!  
This is what it's like to go swimming with whales... 
#AmazingHotels https://t.co/ji90J6Olsj",0.4199,0.157,0.0,0.843,23
78,BBC,Mon Mar 05 11:37:55 +0000 2018,"‚ù§Ô∏è Just adorable. 
How would you react if your daughter won an Oscar? 
#TheSilentChild #Oscars https://t.co/ienD3dDtKX",0.7845,0.33,0.0,0.67,22
79,BBC,Mon Mar 05 11:00:11 +0000 2018,"This year's #Oscars have been handed out at the 90th annual Academy Awards in Hollywood. Find out who won, and who‚Ä¶ https://t.co/ZxfsMpDVwd",0.7717,0.251,0.0,0.749,21
80,BBC,Mon Mar 05 10:42:57 +0000 2018,"RT @BBCCornwall: It's #StPiransDay - so cheers to everyone! #GoolPeranLowen üåÆ

Bit of fun .. complete this sentence ""You know you're #Corni‚Ä¶",0.8384,0.345,0.0,0.655,20
81,BBC,Mon Mar 05 10:42:50 +0000 2018,"RT @BBC6Music: ü•ü Gool Peran Lowen / Happy #StPiransDay to all of our 
‚Äòansom Cornish listeners. 

To celebrate Gwenno is in session for @la‚Ä¶",0.8126,0.27,0.0,0.73,19
82,BBC,Mon Mar 05 10:09:20 +0000 2018,"RT @BBCRD: Available now! üì≤ Download the #Civilisations Augmented Reality app @BBCTaster to explore classic art, objects, and artefacts fro‚Ä¶",0.0,0.0,0.0,1.0,18
83,BBC,Mon Mar 05 09:58:23 +0000 2018,RT @BBCRadio2: What'sthe first leg of @ZoeTheBall's epic Sport Relief challenge? üö≤ She updates @achrisevans on #HardestRoadHome @sportrelie‚Ä¶,0.5267,0.227,0.0,0.773,17
84,BBC,Mon Mar 05 09:30:07 +0000 2018,üé≠üé¨#Oscars outfits designed to dazzle - all the red carpet glamour from the 90th Academy Awards in pictures‚Ä¶ https://t.co/iMBBXl75k0,0.7506,0.286,0.0,0.714,16
85,BBC,Mon Mar 05 09:00:05 +0000 2018,üòç A rare pure-white stoat! https://t.co/VoR9jXJmk4,0.0,0.0,0.0,1.0,15
86,BBC,Mon Mar 05 08:30:04 +0000 2018,"Many personality traits can be observed but there are other hidden forces that shape who we are.
üëâ‚Ä¶ https://t.co/aTsldl7s1z",0.0,0.0,0.0,1.0,14
87,BBC,Mon Mar 05 08:00:04 +0000 2018,"üêùüçØ How honey is collected.
#AmazingHotels https://t.co/UIJKlsamx5",0.0,0.0,0.0,1.0,13
88,BBC,Sun Mar 04 20:11:35 +0000 2018,RT @BBCNewsbeat: Miss Piggy has some strong feelings about this year's #Oscars selection üôàüòÇ https://t.co/vzHGz8PtmD,0.4019,0.184,0.089,0.726,12
89,BBC,Sun Mar 04 19:00:05 +0000 2018,Sloths have survived for more than 60 million years - what makes them so successful?  https://t.co/H4BAA5kAOL,0.8468,0.386,0.0,0.614,11
90,BBC,Sun Mar 04 18:59:39 +0000 2018,RT @BBCWorld: Watch this baby chimp being flown to a new home in DR Congo after it was rescued from poachers üêí‚ù§Ô∏è https://t.co/mZfGI8h6Gc,0.4215,0.118,0.0,0.882,10
91,BBC,Sun Mar 04 18:00:09 +0000 2018,"üé¨üèÜ So you've got the critical acclaim, you've got the industry buzz, you might even have a Golden Globe in your dow‚Ä¶ https://t.co/WdGFOHrFMZ",-0.3182,0.0,0.099,0.901,9
92,BBC,Sun Mar 04 16:57:46 +0000 2018,"RT @BBCWorld: What can we expect from the 90th Academy Awards? A lot has changed since last year. 

Here are eight reasons why the 2018 #Os‚Ä¶",0.4588,0.111,0.0,0.889,8
93,BBC,Sun Mar 04 16:30:12 +0000 2018,"‚ù§Ô∏è After her double mastectomy, this woman found a unique way of learning to love her new breasts.
üëâ‚Ä¶ https://t.co/KAxQxkQEow",0.6369,0.189,0.0,0.811,7
94,BBC,Sun Mar 04 15:30:29 +0000 2018,"He was almost a professional footballer! üòÆ

11 surprising things we learned from Matt Smith's Desert Island Discs:‚Ä¶ https://t.co/TMfwinexEB",0.3382,0.13,0.0,0.87,6
95,BBC,Sun Mar 04 15:00:06 +0000 2018,üç´ Meet the teenage chocolatier joining the ranks of Scotland's growing chocolate sector. https://t.co/FeIVc3FeZC,0.1779,0.124,0.0,0.876,5
96,BBC,Sun Mar 04 14:03:03 +0000 2018,"Two landscape artists begin a romance whilst working at Versailles. ‚ù§Ô∏èÔ∏èüå∑üé¨

A Little Chaos | @BBCiPlayer |‚Ä¶ https://t.co/szKKosJ2K2",0.0498,0.18,0.17,0.65,4
97,BBC,Sun Mar 04 13:46:48 +0000 2018,"RT @BBCSportWales: Can't get enough of this.

Welcome to the wonderful world of football analogies - starring @SwansOfficial manager Carlos‚Ä¶",0.802,0.298,0.0,0.702,3
98,BBC,Sun Mar 04 13:30:06 +0000 2018,"üçøüéû From #IsleOfDogs to #TombRaider, here are 9 films worth heading to the movies for in March. 
üëâ‚Ä¶ https://t.co/y1xGGocMuA",0.2263,0.101,0.0,0.899,2
99,BBC,Sun Mar 04 12:57:19 +0000 2018,"RT @BBCWomansHour: üëÄüé• @LadyBirdMovie's up for FIVE #Oscars this weekend üôå @Saoirse_Ronan talks to us about the film's appeal, her real-life‚Ä¶",0.0,0.0,0.0,1.0,1
100,CBS,Wed Mar 07 18:39:10 +0000 2018,"RT @thegoodfight: Meticulously constructed. Soapy &amp; sexy. Intoxicating, savage television. üî• Here's what critics are saying about #TheGoodF‚Ä¶",-0.2023,0.15,0.23,0.619,100
101,CBS,Wed Mar 07 17:06:02 +0000 2018,"This just in! @Jason_Aldean, @mirandalambert, @LukeBryanOnline, and many more are set to perform at the 53rd Academ‚Ä¶ https://t.co/mfxw2VxzU4",0.0,0.0,0.0,1.0,99
102,CBS,Tue Mar 06 18:10:59 +0000 2018,"Meet the ensemble of talented actors slated to join $1, a new mystery series coming to CBS All Access:‚Ä¶ https://t.co/QoyYv7vxwg",0.6705,0.244,0.0,0.756,98
103,CBS,Mon Mar 05 22:16:43 +0000 2018,"Will @Jason_Aldean, @garthbrooks, @LukeBryanOnline, @ChrisStapleton, or @KeithUrban be named Entertainer Of The Yea‚Ä¶ https://t.co/rMD8zjeX3s",0.3818,0.167,0.0,0.833,97
104,CBS,Sun Mar 04 08:05:26 +0000 2018,"RT @thegoodfight: It feels good to be back. üë†üíÑüî• The season 2 premiere of #TheGoodFight is now streaming, exclusively on CBS All Access: htt‚Ä¶",0.4404,0.116,0.0,0.884,96
105,CBS,Sat Mar 03 20:55:20 +0000 2018,"RT @thegoodfight: Tomorrow, #TheGoodFight is back. Stream the season 2 premiere only on CBS All Access: https://t.co/tNFR8LBJO2 https://t.c‚Ä¶",0.0,0.0,0.0,1.0,95
106,CBS,Fri Mar 02 22:30:01 +0000 2018,"Who are the trailblazing women in your life that inspire you? Join CBS and the ANA's #SeeHer initiative, celebratin‚Ä¶ https://t.co/M0KqZ41Bes",0.7096,0.247,0.0,0.753,94
107,CBS,Fri Mar 02 20:30:01 +0000 2018,"Join @maria_bello, @aishatyler and @TeaLeoni in celebrating the accomplishments of women who have contributed to th‚Ä¶ https://t.co/MefESBeFL3",0.7096,0.282,0.0,0.718,93
108,CBS,Fri Mar 02 18:45:00 +0000 2018,"In honor of Women's History Month, CBS and the Association of National Advertisers' (ANA) #SeeHer initiative will p‚Ä¶ https://t.co/2wtYxKJVuO",0.4939,0.151,0.0,0.849,92
109,CBS,Thu Mar 01 18:59:01 +0000 2018,RT @ZoeListerJones: Tonight‚Äôs an all new Life In Pieces and it‚Äôs directed by my ride or die @nataliaanderson!!!‚Ä¶ https://t.co/2LPfmyLWrY,-0.6981,0.0,0.21,0.79,91
110,CBS,Thu Mar 01 18:12:57 +0000 2018,"RT @MarenMorris: Hot damn! Woke up from my post-wisdom teeth haze to find out I‚Äôm up for 4 @ACMawards ! So honored, especially for the Dear‚Ä¶",0.4547,0.159,0.092,0.749,90
111,CBS,Thu Mar 01 18:11:50 +0000 2018,RT @KelseaBallerini: Ohhhhh goodness. Incredible. Thank you thank you thank you. #female https://t.co/1ZTYjNfQeF,0.8591,0.538,0.0,0.462,89
112,CBS,Thu Mar 01 18:10:50 +0000 2018,RT @KeithUrban: ACMs...... HOLY SMOKES!!!!! MAD LOVE TO U ALL THIS MORNING  FOR THESE INCREDIBLE NOMINATIONS. I‚ÄôM EXTREMELY GRATEFUL!!!!!!!‚Ä¶,0.4885,0.234,0.151,0.615,88
113,CBS,Thu Mar 01 14:36:21 +0000 2018,"RT @ACMawards: Congratulations to this year‚Äôs #ACMawards Video of the Year nominees:
‚ÄúBlack‚Äù - @DierksBentley
‚ÄúIt Ain‚Äôt My Fault‚Äù - @Brothe‚Ä¶",0.5994,0.178,0.0,0.822,87
114,CBS,Thu Mar 01 14:29:20 +0000 2018,"RT @ACMawards: Please give a round of applause to this year‚Äôs #ACMawards Entertainer of the Year nominees: @Jason_Aldean, @GarthBrooks, @Lu‚Ä¶",0.7717,0.325,0.0,0.675,86
115,CBS,Thu Mar 01 14:15:29 +0000 2018,".@ChrisStapleton, @ThomasRhett, @mirandalambert and more are all nominated for awards at Country Music's Party of t‚Ä¶ https://t.co/Vm1vXRUDYJ",0.6908,0.275,0.0,0.725,85
116,CBS,Thu Mar 01 13:50:11 +0000 2018,"The Queen of Country, @Reba, is returning to host the 53rd #ACMawards on Sunday, April 15 at 8/7c. Here are a few o‚Ä¶ https://t.co/Iqzz6Gql01",0.0,0.0,0.0,1.0,84
117,CBS,Thu Mar 01 01:04:52 +0000 2018,RT @survivorcbs: It‚Äôs time! #Survivor https://t.co/YPk6cGWrUA,0.0,0.0,0.0,1.0,83
118,CBS,Wed Feb 28 19:56:58 +0000 2018,"RT @CBSThisMorning: TOMORROW: The nominees for the 2018 @ACMawards will be announced live by the one-and-only, @Reba! 

Watch on @CBS in ou‚Ä¶",0.0,0.0,0.0,1.0,82
119,CBS,Wed Feb 28 19:08:30 +0000 2018,"RT @thegoodfight: From the set design and costumes to hair and makeup, the production quality is truly next-level. Take a peek inside the u‚Ä¶",0.4404,0.116,0.0,0.884,81
120,CBS,Wed Mar 07 18:39:10 +0000 2018,"RT @thegoodfight: Meticulously constructed. Soapy &amp; sexy. Intoxicating, savage television. üî• Here's what critics are saying about #TheGoodF‚Ä¶",-0.2023,0.15,0.23,0.619,80
121,CBS,Wed Mar 07 17:06:02 +0000 2018,"This just in! @Jason_Aldean, @mirandalambert, @LukeBryanOnline, and many more are set to perform at the 53rd Academ‚Ä¶ https://t.co/mfxw2VxzU4",0.0,0.0,0.0,1.0,79
122,CBS,Tue Mar 06 18:10:59 +0000 2018,"Meet the ensemble of talented actors slated to join $1, a new mystery series coming to CBS All Access:‚Ä¶ https://t.co/QoyYv7vxwg",0.6705,0.244,0.0,0.756,78
123,CBS,Mon Mar 05 22:16:43 +0000 2018,"Will @Jason_Aldean, @garthbrooks, @LukeBryanOnline, @ChrisStapleton, or @KeithUrban be named Entertainer Of The Yea‚Ä¶ https://t.co/rMD8zjeX3s",0.3818,0.167,0.0,0.833,77
124,CBS,Sun Mar 04 08:05:26 +0000 2018,"RT @thegoodfight: It feels good to be back. üë†üíÑüî• The season 2 premiere of #TheGoodFight is now streaming, exclusively on CBS All Access: htt‚Ä¶",0.4404,0.116,0.0,0.884,76
125,CBS,Sat Mar 03 20:55:20 +0000 2018,"RT @thegoodfight: Tomorrow, #TheGoodFight is back. Stream the season 2 premiere only on CBS All Access: https://t.co/tNFR8LBJO2 https://t.c‚Ä¶",0.0,0.0,0.0,1.0,75
126,CBS,Fri Mar 02 22:30:01 +0000 2018,"Who are the trailblazing women in your life that inspire you? Join CBS and the ANA's #SeeHer initiative, celebratin‚Ä¶ https://t.co/M0KqZ41Bes",0.7096,0.247,0.0,0.753,74
127,CBS,Fri Mar 02 20:30:01 +0000 2018,"Join @maria_bello, @aishatyler and @TeaLeoni in celebrating the accomplishments of women who have contributed to th‚Ä¶ https://t.co/MefESBeFL3",0.7096,0.282,0.0,0.718,73
128,CBS,Fri Mar 02 18:45:00 +0000 2018,"In honor of Women's History Month, CBS and the Association of National Advertisers' (ANA) #SeeHer initiative will p‚Ä¶ https://t.co/2wtYxKJVuO",0.4939,0.151,0.0,0.849,72
129,CBS,Thu Mar 01 18:59:01 +0000 2018,RT @ZoeListerJones: Tonight‚Äôs an all new Life In Pieces and it‚Äôs directed by my ride or die @nataliaanderson!!!‚Ä¶ https://t.co/2LPfmyLWrY,-0.6981,0.0,0.21,0.79,71
130,CBS,Thu Mar 01 18:12:57 +0000 2018,"RT @MarenMorris: Hot damn! Woke up from my post-wisdom teeth haze to find out I‚Äôm up for 4 @ACMawards ! So honored, especially for the Dear‚Ä¶",0.4547,0.159,0.092,0.749,70
131,CBS,Thu Mar 01 18:11:50 +0000 2018,RT @KelseaBallerini: Ohhhhh goodness. Incredible. Thank you thank you thank you. #female https://t.co/1ZTYjNfQeF,0.8591,0.538,0.0,0.462,69
132,CBS,Thu Mar 01 18:10:50 +0000 2018,RT @KeithUrban: ACMs...... HOLY SMOKES!!!!! MAD LOVE TO U ALL THIS MORNING  FOR THESE INCREDIBLE NOMINATIONS. I‚ÄôM EXTREMELY GRATEFUL!!!!!!!‚Ä¶,0.4885,0.234,0.151,0.615,68
133,CBS,Thu Mar 01 14:36:21 +0000 2018,"RT @ACMawards: Congratulations to this year‚Äôs #ACMawards Video of the Year nominees:
‚ÄúBlack‚Äù - @DierksBentley
‚ÄúIt Ain‚Äôt My Fault‚Äù - @Brothe‚Ä¶",0.5994,0.178,0.0,0.822,67
134,CBS,Thu Mar 01 14:29:20 +0000 2018,"RT @ACMawards: Please give a round of applause to this year‚Äôs #ACMawards Entertainer of the Year nominees: @Jason_Aldean, @GarthBrooks, @Lu‚Ä¶",0.7717,0.325,0.0,0.675,66
135,CBS,Thu Mar 01 14:15:29 +0000 2018,".@ChrisStapleton, @ThomasRhett, @mirandalambert and more are all nominated for awards at Country Music's Party of t‚Ä¶ https://t.co/Vm1vXRUDYJ",0.6908,0.275,0.0,0.725,65
136,CBS,Thu Mar 01 13:50:11 +0000 2018,"The Queen of Country, @Reba, is returning to host the 53rd #ACMawards on Sunday, April 15 at 8/7c. Here are a few o‚Ä¶ https://t.co/Iqzz6Gql01",0.0,0.0,0.0,1.0,64
137,CBS,Thu Mar 01 01:04:52 +0000 2018,RT @survivorcbs: It‚Äôs time! #Survivor https://t.co/YPk6cGWrUA,0.0,0.0,0.0,1.0,63
138,CBS,Wed Feb 28 19:56:58 +0000 2018,"RT @CBSThisMorning: TOMORROW: The nominees for the 2018 @ACMawards will be announced live by the one-and-only, @Reba! 

Watch on @CBS in ou‚Ä¶",0.0,0.0,0.0,1.0,62
139,CBS,Wed Feb 28 19:08:30 +0000 2018,"RT @thegoodfight: From the set design and costumes to hair and makeup, the production quality is truly next-level. Take a peek inside the u‚Ä¶",0.4404,0.116,0.0,0.884,61
140,CBS,Tue Feb 27 03:23:47 +0000 2018,RT @LivinBiblically: The fun continues on Facebook! The #LivingBiblically cast is live to talk about tonight‚Äôs premiere. Tune in here: http‚Ä¶,0.5562,0.152,0.0,0.848,60
141,CBS,Mon Feb 26 22:50:32 +0000 2018,"RT @KevinCanWaitCBS: Can you get all the way through these #KevinCanWait bloopers without laughing?! @KevinJames,@LeahRemini and the rest o‚Ä¶",0.0,0.0,0.0,1.0,59
142,CBS,Mon Feb 26 21:08:30 +0000 2018,"RT @ACMawards: That‚Äôs right! @Reba is headed to @CBSThisMorning on Thursday, March 1 to announce this year‚Äôs #ACMAwards' nominees. Tune in‚Ä¶",0.0,0.0,0.0,1.0,58
143,CBS,Mon Feb 26 19:53:41 +0000 2018,"RT @ScorpionCBS: You can't hack your way to a 197 IQ, but you are well on your way with these Genius Facts from #TeamScorpion! üíª You can be‚Ä¶",0.4482,0.105,0.0,0.895,57
144,CBS,Mon Feb 26 18:32:36 +0000 2018,RT @SuperiorDonuts: You can always count on @DavidKoechner for a laugh! Did your favorite Tush moment make the list? Catch a new #SuperiorD‚Ä¶,0.784,0.266,0.0,0.734,56
145,CBS,Mon Feb 26 18:20:16 +0000 2018,RT @TheTalkCBS: TODAY: We loved them together then &amp; we love seeing them together now! Welcome back to the show @THESaraGilbert‚Äã's good fri‚Ä¶,0.9359,0.429,0.0,0.571,55
146,CBS,Mon Feb 26 16:53:56 +0000 2018,"RT @thegoodfight: As foundations begin to crumble, our characters struggle to make sense of this new dystopian world. The cast teases what'‚Ä¶",-0.5423,0.0,0.184,0.816,54
147,CBS,Mon Feb 26 16:52:01 +0000 2018,"#LivingBiblically's @linzkraft and @jrfergjr appeared on @KCBS's Facebook Live this morning, talking all about what‚Ä¶ https://t.co/4RebcHuuMQ",0.0,0.0,0.0,1.0,53
148,CBS,Mon Feb 26 16:17:55 +0000 2018,"RT @CBSSports: Introducing CBS Sports HQ, a New 24/7 Direct-to-Consumer Streaming Network for Sports News, Highlights, &amp; Analysis.

Stream‚Ä¶",0.0,0.0,0.0,1.0,52
149,CBS,Mon Feb 26 01:12:32 +0000 2018,"RT @CBSBigBrother: It‚Äôs down to the final 5 celebrity Houseguests, and anyone could take home the grand prize! Tune in NOW to watch the #BB‚Ä¶",0.7644,0.231,0.0,0.769,51
150,CBS,Sun Feb 25 21:51:32 +0000 2018,RT @startrekcbs: Binge the entire first season of #StarTrekDiscovery. All episodes now streaming exclusively on CBS All Access: https://t.c‚Ä¶,0.0,0.0,0.0,1.0,50
151,CBS,Sun Feb 25 21:51:22 +0000 2018,"RT @thegoodfight: #TheGoodFight returns in 1 week. Season 2 premieres Sunday, March 4. https://t.co/nomCao1GWp https://t.co/BOn6bOe9Tb",0.0,0.0,0.0,1.0,49
152,CBS,Fri Feb 23 18:15:40 +0000 2018,RT @thegoodfight: This is our new favorite thing. Christine Baranski debuted #TheGoodFight the Musical on @colbertlateshow last night! üéµüé§‚Ä¶,0.5093,0.155,0.0,0.845,48
153,CBS,Thu Feb 22 19:26:52 +0000 2018,"RT @LivinBiblically: Confession time: have YOU ever hit the ""close door"" button in an elevator while somebody was approaching? The cast of‚Ä¶",0.0,0.0,0.0,1.0,47
154,CBS,Wed Feb 21 19:20:04 +0000 2018,RT @CBSEyeSpeak: Mark your calendars! #CBSEyeSpeak kicks off March 14 with The EYE Speak Summit. Follow our page for more details! https://‚Ä¶,0.0,0.0,0.0,1.0,46
155,CBS,Wed Feb 21 18:19:25 +0000 2018,"RT @CBSEyeSpeak: Proud to announce a new CBS initiative, promoting female empowerment and developing the next generation of leaders through‚Ä¶",0.6808,0.248,0.0,0.752,45
156,CBS,Tue Feb 20 19:55:19 +0000 2018,"RT @LivinBiblically: When you're living by the Bible, it's good to have a priest and a rabbi on call (provided they answer their phones, th‚Ä¶",0.4404,0.116,0.0,0.884,44
157,CBS,Tue Feb 20 17:58:18 +0000 2018,"RT @thegoodfight: Chicago lawyers are being hunted and the world is going insane. 

The new season of #TheGoodFight premieres Sunday, March‚Ä¶",-0.4019,0.0,0.119,0.881,43
158,CBS,Tue Feb 20 17:39:51 +0000 2018,Ready for some larger than life competition? This new series from @MarkBurnettTV will premiere in summer 2018.‚Ä¶ https://t.co/gDXHLdIJ5v,0.3612,0.128,0.0,0.872,42
159,CBS,Sat Feb 17 01:07:20 +0000 2018,"With tournament dreams on the line, make sure to stream these college basketball matchups on CBS All Access:‚Ä¶ https://t.co/SGkYUZrQWB",0.6124,0.227,0.0,0.773,41
160,CBS,Fri Feb 16 18:42:43 +0000 2018,"RT @LivinBiblically: While Chip's sticking to the Bible's original rules, the cast of #LivingBiblically has given them a more modern makeov‚Ä¶",0.3182,0.108,0.0,0.892,40
161,CBS,Fri Feb 16 17:48:20 +0000 2018,"Casting News! Peter Mark Kendall, Michael Gaston, Greg Wise, Rade ≈†erbed≈æija, Zack Pearlman, and Keye Chen join the‚Ä¶ https://t.co/GFob2KrD8H",0.68,0.248,0.0,0.752,39
162,CBS,Wed Feb 14 19:23:27 +0000 2018,RT @BullCBS: The verdict is in...#Bull is the perfect Valentine! ‚ù§Ô∏è Happy #ValentinesDay! https://t.co/poEejI4AnC,0.8619,0.466,0.0,0.534,38
163,CBS,Tue Feb 13 20:03:56 +0000 2018,"RT @NoActivityCBS: Car 27 reporting: Season 2 of #NoActivity coming soon!

Binge season one now on CBS All Access: https://t.co/yvxoQMeyhN‚Ä¶",0.0,0.0,0.0,1.0,37
164,CBS,Tue Feb 13 18:54:52 +0000 2018,"RT @LivinBiblically: Against all odds (and the advice of his God Squad), Chip is determined to live life by the Good Book. Think you could‚Ä¶",0.7506,0.252,0.0,0.748,36
165,CBS,Mon Feb 12 18:49:45 +0000 2018,RT @thegoodfight: Christine Baranski reflects upon the spectacular metamorphosis of her character in #TheGoodFight's first season. Revisit‚Ä¶,0.0,0.0,0.0,1.0,35
166,CBS,Mon Feb 12 01:32:33 +0000 2018,RT @startrekcbs: Binge the entire first season of #StarTrekDiscovery. All 15 episodes now streaming on CBS All Access: https://t.co/lKLaptP‚Ä¶,0.0,0.0,0.0,1.0,34
167,CBS,Fri Feb 09 00:50:01 +0000 2018,RT @SuperiorDonuts: Looking for a #Valentine? Tush is here to help you land your dream date just in time for the day of love! #SuperiorDonu‚Ä¶,0.8478,0.304,0.0,0.696,33
168,CBS,Thu Feb 08 16:09:35 +0000 2018,RT @CBSBigBrother: The pressure is on as the Houseguests battle each other for victory in the first HOH competition. Stream the season prem‚Ä¶,-0.5859,0.0,0.186,0.814,32
169,CBS,Wed Feb 07 18:35:19 +0000 2018,"RT @startrekcbs: Sunday, this season's epic journey reaches its final reckoning. Catch up before the season finale: https://t.co/4Ea5wpmAep‚Ä¶",0.0516,0.066,0.0,0.934,31
170,CBS,Wed Feb 07 16:17:48 +0000 2018,"Are you a sucker for jaw-dropping talent competitions? Announcing The World's Best, a first-of-its-kind new global‚Ä¶ https://t.co/fagCMklm2Z",0.5574,0.312,0.152,0.536,30
171,CBS,Tue Feb 06 22:21:39 +0000 2018,"RT @BullCBS: Tonight, one of these 3 TAC employees will end up incarcerated. Who do you think it will be? Tune into a new episode of #Bull‚Ä¶",0.0,0.0,0.0,1.0,29
172,CBS,Tue Feb 06 17:05:49 +0000 2018,"RT @thegoodfight: There's no season like lawyer season. #TheGoodFight returns March 4, exclusively on CBS All Access. https://t.co/XAlrg1nB‚Ä¶",0.0772,0.121,0.106,0.773,28
173,CBS,Sun Feb 04 15:35:36 +0000 2018,"RT @thegoodfight: The acclaimed series returns in 1 month. #TheGoodFight is back Sunday, March 4. https://t.co/5BNLTYRd8p https://t.co/yInP‚Ä¶",0.0,0.0,0.0,1.0,27
174,CBS,Sun Feb 04 12:00:01 +0000 2018,".@KeshaRose's emotional performance with @CyndiLauper, @AndraDayMusic, @BebeRexha and @Camila_Cabello brought the a‚Ä¶ https://t.co/qpgS2e9ir0",0.1531,0.118,0.0,0.882,26
175,CBS,Sat Feb 03 23:11:43 +0000 2018,Broadway legend Patti LuPone paid tribute to Sir Andrew Lloyd Webber with a show-stopping rendition of the iconic s‚Ä¶ https://t.co/GxqLtUzhFP,0.0,0.0,0.0,1.0,25
176,CBS,Sat Feb 03 12:00:07 +0000 2018,"Relive an entire night's worth of big wins, live performances and many more inspiring moments from The 60th Annual‚Ä¶ https://t.co/CH7mJ4Y3QT",0.8268,0.338,0.0,0.662,24
177,CBS,Fri Feb 02 22:36:13 +0000 2018,RT @swatcbs: ‚ú®@TheTalkCBS' @TheRealEve and @ShemarMoore brought some serious heat to the GRAMMYs red carpet: https://t.co/WYTITKkLQd https:‚Ä¶,-0.0772,0.0,0.075,0.925,23
178,CBS,Fri Feb 02 20:07:40 +0000 2018,"The all-star collaboration between @Rihanna, @DJKhaled and @brysontiller brought the party to the #GRAMMYs with a s‚Ä¶ https://t.co/jTv5QbtgUp",0.4019,0.144,0.0,0.856,22
179,CBS,Fri Feb 02 19:03:33 +0000 2018,RT @TheTalkCBS: All the #redcarpet looks from the 60th annual #GRAMMYs! Did you catch @TheRealEve's sparkly two-piece suit? Diamond accents‚Ä¶,0.4003,0.124,0.0,0.876,21
180,CBS,Fri Feb 02 17:23:18 +0000 2018,Go backstage with the celebs and see which stars celebrated the big night together! Here are the moments you missed‚Ä¶ https://t.co/rgQTXRQyLg,0.6114,0.166,0.0,0.834,20
181,CBS,Thu Feb 01 22:04:41 +0000 2018,üé∂ @DearEvanHansen star Ben Platt gave a soaring performance of a classic Broadway hit. Watch him perform 'Somewhere‚Ä¶ https://t.co/HcuizFWo02,0.0,0.0,0.0,1.0,19
182,CBS,Thu Feb 01 20:09:49 +0000 2018,"üé∏ @LittleBigTown, @U2, @BrunoMars and @Pink are just a few of the superstar performers that lit up the stage at The‚Ä¶ https://t.co/2v0MNYMItG",0.0,0.0,0.0,1.0,18
183,CBS,Wed Jan 31 21:42:15 +0000 2018,"Don't miss country stars Emmylou Harris and @ChrisStapleton perform a moving rendition of @TomPetty's classic song,‚Ä¶ https://t.co/GxoIW97XIu",0.1139,0.088,0.0,0.912,17
184,CBS,Wed Jan 31 17:05:47 +0000 2018,RT @survivorcbs: Get excited! üôå It‚Äôs finally time to meet the castaways of #Survivor: Ghost Island ‚ò† https://t.co/xQQ8ROhKbM https://t.co/P‚Ä¶,0.1007,0.135,0.115,0.75,16
185,CBS,Wed Jan 31 16:37:17 +0000 2018,"Country stars @EricChurch, @BrothersOsborne and @MarenMorris performed a touching tribute dedicated to the victims‚Ä¶ https://t.co/YCIq9i70fd",0.4588,0.188,0.0,0.812,15
186,CBS,Wed Jan 31 06:55:30 +0000 2018,Missed the Man vs. Beast #SuperBowlCommercials showdown? Catch up now to find out which entertaining ad was named t‚Ä¶ https://t.co/SlyO0n7yMX,0.1779,0.126,0.095,0.779,14
187,CBS,Wed Jan 31 02:15:16 +0000 2018,"RT @rikimae: Ok, that one makes me cry #superbowlcommercials",-0.2263,0.179,0.252,0.569,13
188,CBS,Wed Jan 31 01:58:40 +0000 2018,"If this doesn‚Äôt make you cry, nothing will. #SuperBowlCommercials https://t.co/UjFf3xr4so",-0.4767,0.0,0.256,0.744,12
189,CBS,Wed Jan 31 01:52:46 +0000 2018,"RT @maverickkr: #superbowlcommercials the frogs were great, I'd forgotten about that one.",0.4939,0.256,0.119,0.625,11
190,CBS,Wed Jan 31 01:49:43 +0000 2018,"If you haven't voted yet, it's not too late! Choose your favorite here: https://t.co/s4pEIF5IX8‚Ä¶ https://t.co/VCa1YHDyYy",0.5093,0.19,0.0,0.81,10
191,CBS,Wed Jan 31 01:31:27 +0000 2018,RT @5691e44f3b66446: I am having so much fun ...the commercials are awesome #superbowlcommercials,0.8261,0.434,0.0,0.566,9
192,CBS,Wed Jan 31 01:29:10 +0000 2018,RT @LittleShelbyMae: Love watching the #superbowlcommercials all the animal ones are my favorite!!,0.8309,0.414,0.0,0.586,8
193,CBS,Wed Jan 31 01:24:16 +0000 2018,RT @PatHale915: Doritos time machine was great!   #superbowlcommercials,0.6588,0.386,0.0,0.614,7
194,CBS,Wed Jan 31 01:18:37 +0000 2018,Never make a goat angry. #SuperBowlCommercials https://t.co/xRJssdAErk,-0.5106,0.0,0.398,0.602,6
195,CBS,Wed Jan 31 01:17:37 +0000 2018,RT @MsLindsieStarr: That dang goat! #Doritos #superbowlcommercials,0.0,0.0,0.0,1.0,5
196,CBS,Wed Jan 31 01:16:15 +0000 2018,Do you remember this Super Bowl commercial featuring @KevinHart4real playing an overprotective father?‚Ä¶ https://t.co/ejLnTEG5ug,0.7525,0.349,0.0,0.651,4
197,CBS,Wed Jan 31 01:08:01 +0000 2018,RT @dRoy: Homework will take a break for now. #superbowlcommercials on cbs is on üëå,0.0,0.0,0.0,1.0,3
198,CBS,Wed Jan 31 01:04:34 +0000 2018,RT @Mixxxalv: Watching #superbowlcommercials let the best win!,0.8516,0.58,0.0,0.42,2
199,CBS,Wed Jan 31 01:00:35 +0000 2018,Super Bowl Greatest Commercials 2018 hosts @7BOOMERESIASON and @DanielaRuah are moments away from announcing the tw‚Ä¶ https://t.co/cKM1WXPc9u,0.8442,0.351,0.0,0.649,1
200,CNN,Wed Mar 07 21:01:07 +0000 2018,Carl Icahn denies he knew about President Trump's proposed tariffs before selling Manitowoc stock‚Ä¶ https://t.co/hMGWElFrgg,-0.4215,0.0,0.167,0.833,100
201,CNN,Wed Mar 07 20:51:07 +0000 2018,British music magazine New Musical Express is ending its print edition after 66 years https://t.co/3cDxlpepxW https://t.co/g2pdjxBVT1,0.0,0.0,0.0,1.0,99
202,CNN,Wed Mar 07 20:41:20 +0000 2018,"""We expect that the President will sign something by the end of the week,"" says White House press secretary Sarah S‚Ä¶ https://t.co/5v0uLbEil5",0.0,0.0,0.0,1.0,98
203,CNN,Wed Mar 07 20:29:18 +0000 2018,"WH press secretary Sarah Sanders said that as far as she knows, President Trump wasn't aware of a payment made by h‚Ä¶ https://t.co/0hy11PJvrK",0.0,0.0,0.0,1.0,97
204,CNN,Wed Mar 07 20:17:08 +0000 2018,Amazon could wind up with more than 70 million banking customers over the next five years if it started to offer ch‚Ä¶ https://t.co/qpoXZZYSul,0.1779,0.072,0.0,0.928,96
205,CNN,Wed Mar 07 20:10:39 +0000 2018,Russian President Vladimir Putin in a recent interview separated a conciliatory attitude toward President Trump fro‚Ä¶ https://t.co/gtwgpyCpHz,0.0,0.0,0.0,1.0,95
206,CNN,Wed Mar 07 20:07:34 +0000 2018,RT @CNNPolitics: Sanders: Veterans Affairs Secretary David Shulkin ‚Äúhas done a great job‚Äù on a number of the things and ‚Äúwe‚Äôre proud of the‚Ä¶,0.8176,0.309,0.0,0.691,94
207,CNN,Wed Mar 07 20:02:07 +0000 2018,"The US FDA gave its approval to a 23andMe test that screens for a few breast and ovarian cancer genes, but that app‚Ä¶ https://t.co/1CxE97nx2g",-0.1655,0.083,0.109,0.808,93
208,CNN,Wed Mar 07 19:59:31 +0000 2018,"RT @CNNPolitics: CNN's Jeff Zeleny: Was President Trump aware of the payment made to Stormy Daniels?

Sanders: ""The President has addressed‚Ä¶",0.0,0.0,0.0,1.0,92
209,CNN,Wed Mar 07 19:58:37 +0000 2018,Jaguar reveals its first electric SUV https://t.co/d9zbBNs5sn https://t.co/f5Oj3Rbx9O,0.0,0.0,0.0,1.0,91
210,CNN,Wed Mar 07 19:56:03 +0000 2018,"RT @CNNPolitics: White House press secretary Sarah Sanders on staff turnover at the White House: ""It's not abnormal that you would have peo‚Ä¶",0.0,0.0,0.0,1.0,90
211,CNN,Wed Mar 07 19:50:04 +0000 2018,"Inspired by a TED Talk, this 16 year-old boy started a pilot program that hires homeless people to help clean up Sa‚Ä¶ https://t.co/VqFLfMYSc9",0.8225,0.323,0.0,0.677,89
212,CNN,Wed Mar 07 19:47:41 +0000 2018,"The White House is holding a press briefing. Watch CNN: https://t.co/UYpqI3w42L

Watch on Facebook:‚Ä¶ https://t.co/FmrnhiDRuu",0.0,0.0,0.0,1.0,88
213,CNN,Wed Mar 07 19:40:08 +0000 2018,"The creator of Pepe the Frog, the once-innocent cartoon that was appropriated as a mascot of the alt-right, is suin‚Ä¶ https://t.co/DYmjDxHd7H",0.0,0.0,0.0,1.0,87
214,CNN,Wed Mar 07 19:30:30 +0000 2018,"""Mueller is closing in"": California Gov. Jerry Brown taunts Attorney General Jeff Sessions and President Trump afte‚Ä¶ https://t.co/xbgYruQvAv",0.0,0.0,0.0,1.0,86
215,CNN,Wed Mar 07 19:20:17 +0000 2018,Jack Daniel's could be an 'unfortunate and unintended victim' of Trump tariffs https://t.co/9HmsYSslpb https://t.co/Kb7jsKBtTg,-0.6249,0.0,0.298,0.702,85
216,CNN,Wed Mar 07 19:10:53 +0000 2018,"After dedicating his season to Parkland victim Joaquin Oliver, NBA star @DwyaneWade visited Marjory Stoneman Dougla‚Ä¶ https://t.co/H7fukyxKrL",-0.2732,0.0,0.116,0.884,84
217,CNN,Wed Mar 07 19:00:23 +0000 2018,A senior official at the Department of Health and Human Services returned to work this week after being placed on a‚Ä¶ https://t.co/bai7A2a4TI,0.0,0.0,0.0,1.0,83
218,CNN,Wed Mar 07 18:52:26 +0000 2018,"RT @CNNnewsroom: Former US Ambassador to China Max Baucus says Jared Kushner ""will not be taken seriously"" on foreign trips without top sec‚Ä¶",-0.0191,0.063,0.066,0.871,82
219,CNN,Wed Mar 07 18:50:08 +0000 2018,"Trump vs. California, again and again and again | Analysis by @zbyronwolf¬†https://t.co/b5kJRWzsYK https://t.co/YVbcMrIG5l",0.0,0.0,0.0,1.0,81
220,CNN,Wed Mar 07 21:01:07 +0000 2018,Carl Icahn denies he knew about President Trump's proposed tariffs before selling Manitowoc stock‚Ä¶ https://t.co/hMGWElFrgg,-0.4215,0.0,0.167,0.833,80
221,CNN,Wed Mar 07 20:51:07 +0000 2018,British music magazine New Musical Express is ending its print edition after 66 years https://t.co/3cDxlpepxW https://t.co/g2pdjxBVT1,0.0,0.0,0.0,1.0,79
222,CNN,Wed Mar 07 20:41:20 +0000 2018,"""We expect that the President will sign something by the end of the week,"" says White House press secretary Sarah S‚Ä¶ https://t.co/5v0uLbEil5",0.0,0.0,0.0,1.0,78
223,CNN,Wed Mar 07 20:29:18 +0000 2018,"WH press secretary Sarah Sanders said that as far as she knows, President Trump wasn't aware of a payment made by h‚Ä¶ https://t.co/0hy11PJvrK",0.0,0.0,0.0,1.0,77
224,CNN,Wed Mar 07 20:17:08 +0000 2018,Amazon could wind up with more than 70 million banking customers over the next five years if it started to offer ch‚Ä¶ https://t.co/qpoXZZYSul,0.1779,0.072,0.0,0.928,76
225,CNN,Wed Mar 07 20:10:39 +0000 2018,Russian President Vladimir Putin in a recent interview separated a conciliatory attitude toward President Trump fro‚Ä¶ https://t.co/gtwgpyCpHz,0.0,0.0,0.0,1.0,75
226,CNN,Wed Mar 07 20:07:34 +0000 2018,RT @CNNPolitics: Sanders: Veterans Affairs Secretary David Shulkin ‚Äúhas done a great job‚Äù on a number of the things and ‚Äúwe‚Äôre proud of the‚Ä¶,0.8176,0.309,0.0,0.691,74
227,CNN,Wed Mar 07 20:02:07 +0000 2018,"The US FDA gave its approval to a 23andMe test that screens for a few breast and ovarian cancer genes, but that app‚Ä¶ https://t.co/1CxE97nx2g",-0.1655,0.083,0.109,0.808,73
228,CNN,Wed Mar 07 19:59:31 +0000 2018,"RT @CNNPolitics: CNN's Jeff Zeleny: Was President Trump aware of the payment made to Stormy Daniels?

Sanders: ""The President has addressed‚Ä¶",0.0,0.0,0.0,1.0,72
229,CNN,Wed Mar 07 19:58:37 +0000 2018,Jaguar reveals its first electric SUV https://t.co/d9zbBNs5sn https://t.co/f5Oj3Rbx9O,0.0,0.0,0.0,1.0,71
230,CNN,Wed Mar 07 19:56:03 +0000 2018,"RT @CNNPolitics: White House press secretary Sarah Sanders on staff turnover at the White House: ""It's not abnormal that you would have peo‚Ä¶",0.0,0.0,0.0,1.0,70
231,CNN,Wed Mar 07 19:50:04 +0000 2018,"Inspired by a TED Talk, this 16 year-old boy started a pilot program that hires homeless people to help clean up Sa‚Ä¶ https://t.co/VqFLfMYSc9",0.8225,0.323,0.0,0.677,69
232,CNN,Wed Mar 07 19:47:41 +0000 2018,"The White House is holding a press briefing. Watch CNN: https://t.co/UYpqI3w42L

Watch on Facebook:‚Ä¶ https://t.co/FmrnhiDRuu",0.0,0.0,0.0,1.0,68
233,CNN,Wed Mar 07 19:40:08 +0000 2018,"The creator of Pepe the Frog, the once-innocent cartoon that was appropriated as a mascot of the alt-right, is suin‚Ä¶ https://t.co/DYmjDxHd7H",0.0,0.0,0.0,1.0,67
234,CNN,Wed Mar 07 19:30:30 +0000 2018,"""Mueller is closing in"": California Gov. Jerry Brown taunts Attorney General Jeff Sessions and President Trump afte‚Ä¶ https://t.co/xbgYruQvAv",0.0,0.0,0.0,1.0,66
235,CNN,Wed Mar 07 19:20:17 +0000 2018,Jack Daniel's could be an 'unfortunate and unintended victim' of Trump tariffs https://t.co/9HmsYSslpb https://t.co/Kb7jsKBtTg,-0.6249,0.0,0.298,0.702,65
236,CNN,Wed Mar 07 19:10:53 +0000 2018,"After dedicating his season to Parkland victim Joaquin Oliver, NBA star @DwyaneWade visited Marjory Stoneman Dougla‚Ä¶ https://t.co/H7fukyxKrL",-0.2732,0.0,0.116,0.884,64
237,CNN,Wed Mar 07 19:00:23 +0000 2018,A senior official at the Department of Health and Human Services returned to work this week after being placed on a‚Ä¶ https://t.co/bai7A2a4TI,0.0,0.0,0.0,1.0,63
238,CNN,Wed Mar 07 18:52:26 +0000 2018,"RT @CNNnewsroom: Former US Ambassador to China Max Baucus says Jared Kushner ""will not be taken seriously"" on foreign trips without top sec‚Ä¶",-0.0191,0.063,0.066,0.871,62
239,CNN,Wed Mar 07 18:50:08 +0000 2018,"Trump vs. California, again and again and again | Analysis by @zbyronwolf¬†https://t.co/b5kJRWzsYK https://t.co/YVbcMrIG5l",0.0,0.0,0.0,1.0,61
240,CNN,Wed Mar 07 18:40:14 +0000 2018,"Amazon is offering Medicaid recipients a Prime Membership for $5.99 a month, a 54% discount from the normal rate‚Ä¶ https://t.co/ETTiAXQMHF",0.1779,0.096,0.0,0.904,60
241,CNN,Wed Mar 07 18:30:04 +0000 2018,"66% of Millennials have nothing saved for retirement, a new report shows. Of those who do save, most have less than‚Ä¶ https://t.co/sJ90rOqodE",0.2187,0.13,0.095,0.774,59
242,CNN,Wed Mar 07 18:20:41 +0000 2018,Chris Cuomo asks Sen. Ted Cruz why he‚Äôs criticizing his Democratic challenger Beto O‚ÄôRourke for going by the childh‚Ä¶ https://t.co/SY0Wjd9AlG,-0.25,0.068,0.114,0.818,58
243,CNN,Wed Mar 07 18:10:08 +0000 2018,Donald Trump's alias and 7 other 'wow' moments from the Stormy Daniels lawsuit | Analysis by @CillizzaCNN‚Ä¶ https://t.co/nyBqnBtfLi,-0.2263,0.0,0.112,0.888,57
244,CNN,Wed Mar 07 18:00:05 +0000 2018,Oprah Winfrey has sold about a quarter of her shares in Weight Watchers https://t.co/iLVC9CcEle https://t.co/Utg5FrrPuf,0.296,0.145,0.0,0.855,56
245,CNN,Wed Mar 07 17:48:53 +0000 2018,"JUST IN: Former Russian spy Sergei Skripal and his daughter Yulia were poisoned intentionally with a nerve agent, U‚Ä¶ https://t.co/eCd5DCR9Eb",-0.4939,0.0,0.151,0.849,55
246,CNN,Wed Mar 07 17:42:14 +0000 2018,Massive billboards in New York's Times Square honor victims of the Florida high school shooting‚Ä¶ https://t.co/owKxfwfrXQ,0.2263,0.164,0.118,0.718,54
247,CNN,Wed Mar 07 17:34:33 +0000 2018,Why Wall Street loved Gary Cohn inside the White House https://t.co/5I8DncHX2b https://t.co/EGtDEdbHyQ,0.5994,0.262,0.0,0.738,53
248,CNN,Wed Mar 07 17:21:06 +0000 2018,Uber says it has started using self-driving trucks to haul freight in Arizona https://t.co/jZ0bzj4rKy https://t.co/KdpaF94QtA,0.0,0.0,0.0,1.0,52
249,CNN,Wed Mar 07 17:15:14 +0000 2018,"Attorney General Jeff Sessions takes his war against sanctuary cities to California, announcing a federal lawsuit a‚Ä¶ https://t.co/OTCz5W5hzb",-0.7003,0.0,0.279,0.721,51
250,CNN,Wed Mar 07 17:07:32 +0000 2018,"Over 1.3 million live animals and plants, and a similar number of animal skins, have been exported from Africa to A‚Ä¶ https://t.co/64sLnj03ZW",0.0772,0.061,0.0,0.939,50
251,CNN,Wed Mar 07 17:00:02 +0000 2018,"The world's oldest known message in a bottle has been found on an Australian beach, nearly 132 years after it was t‚Ä¶ https://t.co/s4iFCytB6t",0.0,0.0,0.0,1.0,49
252,CNN,Wed Mar 07 16:52:18 +0000 2018,The Taliban banned women from being journalists in Afghanistan. Now the country has an all-female television networ‚Ä¶ https://t.co/CnI4J1fei8,-0.4588,0.0,0.15,0.85,48
253,CNN,Wed Mar 07 16:50:39 +0000 2018,"Barbie has introduced new dolls honoring heroines such as aviator Amelia Earhart, artist and activist Frida Kahlo,‚Ä¶ https://t.co/MrsIZ5AA4D",0.7269,0.276,0.0,0.724,47
254,CNN,Wed Mar 07 16:40:06 +0000 2018,"As Florida lawmakers prepare to vote on a measure aimed at boosting school safety, the state's Republican governor‚Ä¶ https://t.co/eFJ51SvXfO",0.6369,0.245,0.0,0.755,46
255,CNN,Wed Mar 07 16:32:47 +0000 2018,The US government says it's sanctioning North Korea after deeming its government responsible for the murder of Kim‚Ä¶ https://t.co/3wr6NB87xq,-0.5267,0.096,0.196,0.708,45
256,CNN,Wed Mar 07 16:30:00 +0000 2018,.@iamwill says the definition of freedom is love. Tell us what freedom means to you using #MyFreedomDay‚Ä¶ https://t.co/hqVB3mVduc,0.9274,0.457,0.0,0.543,44
257,CNN,Wed Mar 07 16:20:13 +0000 2018,Students and teachers in West Virginia are back to school today for the first time in nearly two weeks after educat‚Ä¶ https://t.co/CynuWqAbyH,0.0,0.0,0.0,1.0,43
258,CNN,Wed Mar 07 16:10:07 +0000 2018,"Airbus announces it will move or cut 3,700 jobs across Europe because of reduced demand for its A380 superjumbo and‚Ä¶ https://t.co/7c8pREVwj0",-0.3818,0.0,0.159,0.841,42
259,CNN,Wed Mar 07 16:10:07 +0000 2018,Dating app Bumble is banning photos with guns from its platform https://t.co/LMahJTYlYO https://t.co/h9nLhSMklN,0.0,0.0,0.0,1.0,41
260,CNN,Wed Mar 07 16:01:44 +0000 2018,"BlackBerry sues Facebook, along with its subsidiaries WhatsApp and Instagram, for infringing on its messaging paten‚Ä¶ https://t.co/u9uQi1pYjA",0.0,0.0,0.0,1.0,40
261,CNN,Wed Mar 07 15:51:29 +0000 2018,White House aide Kellyanne Conway is the latest of President Trump's top employees to receive an official reprimand‚Ä¶ https://t.co/QhJocNUVYK,0.2023,0.091,0.0,0.909,39
262,CNN,Wed Mar 07 15:41:14 +0000 2018,"A 20-year-old man has filed a lawsuit against Dick's Sporting Goods, accusing the retailer of age discrimination fo‚Ä¶ https://t.co/3G5sWzM1iT",-0.3818,0.0,0.194,0.806,38
263,CNN,Wed Mar 07 15:41:10 +0000 2018,"Michelle Obama dances with Parker Curry, the little girl who was transfixed by a portrait of the former first lady‚Ä¶ https://t.co/CaIuufp2wn",0.0,0.0,0.0,1.0,37
264,CNN,Wed Mar 07 15:30:19 +0000 2018,"Cecil the lion ""suffered incredible cruelty for at least 10 hours"" before he died, according to a new book‚Ä¶ https://t.co/pvSCZGOooG",-0.8934,0.0,0.401,0.599,36
265,CNN,Wed Mar 07 15:20:13 +0000 2018,"Commerce Secretary Wilbur Ross: We'll do tariffs ""without blowing up the world"" https://t.co/WXSvHqiL75 https://t.co/rVTWEflvhM",0.0,0.0,0.0,1.0,35
266,CNN,Wed Mar 07 15:10:15 +0000 2018,The Democrat who will face off against Texas Sen. Ted Cruz in the Texas Senate race later this year is defending hi‚Ä¶ https://t.co/SEECQfNLRR,0.0,0.0,0.0,1.0,34
267,CNN,Wed Mar 07 15:00:13 +0000 2018,Texas is poised to send its first 2 Latina politicians to Congress https://t.co/NMi2kAzU2r https://t.co/ObTYtraVkC,0.25,0.143,0.0,0.857,33
268,CNN,Wed Mar 07 14:50:08 +0000 2018,Democrats were hoping to make a statement in last night's Texas primary. But the results make it clear that Texas s‚Ä¶ https://t.co/JEKdzaXsZT,0.6597,0.221,0.0,0.779,32
269,CNN,Wed Mar 07 14:40:08 +0000 2018,"White House senior adviser Jared Kushner is traveling to Mexico today for meetings, including one with Mexican Pres‚Ä¶ https://t.co/uLiYWzoHi2",0.0,0.0,0.0,1.0,31
270,CNN,Wed Mar 07 14:30:20 +0000 2018,More than 50 million people are under winter storm warnings and watches as a second nor'easter in the span of a wee‚Ä¶ https://t.co/6QWHjBgqo8,-0.296,0.0,0.099,0.901,30
271,CNN,Wed Mar 07 14:20:17 +0000 2018,Rafael (Ted) Cruz justifies mocking Robert (Beto) O'Rourke's name https://t.co/TKG9SVXGOf https://t.co/jCKsukDvM7,-0.4019,0.0,0.213,0.787,29
272,CNN,Wed Mar 07 14:11:31 +0000 2018,Genetic testing company 23andMe has been give federal approval to sell at-home kits that test for three breast canc‚Ä¶ https://t.co/upxStaWMiH,0.4767,0.14,0.0,0.86,28
273,CNN,Wed Mar 07 14:09:18 +0000 2018,Olympic figure skater Adam Rippon says he is now willing to meet with Vice President Mike Pence: ‚ÄúNow is the right‚Ä¶ https://t.co/kqtQ3Vd1fD,0.0,0.0,0.0,1.0,27
274,CNN,Wed Mar 07 14:00:06 +0000 2018,"What happened in Trump‚Äôs White House the day he said there was ""no chaos""

- Office of Special Counsel announces Ke‚Ä¶ https://t.co/p8cXl4KTLu",-0.4939,0.102,0.222,0.677,26
275,CNN,Wed Mar 07 13:54:00 +0000 2018,"The world's oldest known message in a bottle has been found on an Australian beach, nearly 132 years after it was t‚Ä¶ https://t.co/wcef389Cpz",0.0,0.0,0.0,1.0,25
276,CNN,Wed Mar 07 13:49:48 +0000 2018,"Barbie unveils dolls based on real-life figures including Amelia Earhart, Frida Kahlo, Katherine Johnson and Chloe‚Ä¶ https://t.co/0ns5aOabTe",0.0,0.0,0.0,1.0,24
277,CNN,Wed Mar 07 13:37:31 +0000 2018,Vice President Mike Pence hits the campaign trail https://t.co/PVEisp1cZd https://t.co/ffcnIQcdrU,0.0,0.0,0.0,1.0,23
278,CNN,Wed Mar 07 13:23:59 +0000 2018,Chris Cuomo asks Sen. Ted Cruz why he‚Äôs criticizing his Democratic challenger Beto O‚ÄôRourke for going by the childh‚Ä¶ https://t.co/M3dkD762eG,-0.25,0.068,0.114,0.818,22
279,CNN,Wed Mar 07 13:17:58 +0000 2018,"Sorry, Hollywood. Netflix rules the media world https://t.co/vpEG5W7BU8 https://t.co/uzscDmpMqw",-0.0772,0.0,0.14,0.86,21
280,CNN,Wed Mar 07 13:10:06 +0000 2018,"The production company behind ""Wolf of Wall Street"" will pay the US government $60 million to settle a lawsuit that‚Ä¶ https://t.co/cvMVBEIHla",-0.3182,0.0,0.155,0.845,20
281,CNN,Wed Mar 07 13:05:54 +0000 2018,"RT @CNNPolitics: Sen. Ted Cruz's Democratic challenger, Beto O'Rourke, says he was encouraged by last night's primary results https://t.co/‚Ä¶",0.4588,0.19,0.0,0.81,19
282,CNN,Wed Mar 07 13:04:04 +0000 2018,"In Trump's White House, the conflict is the chaos | Analysis by @zbyronwolf¬†https://t.co/nIOVMxFu6W https://t.co/UhglhCrQSx",-0.7184,0.0,0.333,0.667,18
283,CNN,Wed Mar 07 12:59:37 +0000 2018,"RT @CNNPolitics: Sen. Ted Cruz defends his ad mocking Beto O'Rourke's name, saying it was meant to highlight the Democrat's liberal policy‚Ä¶",-0.0772,0.096,0.108,0.797,17
284,CNN,Wed Mar 07 12:49:47 +0000 2018,"Texas Sen. Ted Cruz: ""The extreme left right now is energized. They are angry. They hate the President... That bein‚Ä¶ https://t.co/MiLsFEYGb1",-0.5719,0.117,0.247,0.636,16
285,CNN,Wed Mar 07 12:43:05 +0000 2018,"The powerful ""bomb cyclone"" that battered the Northeast over the weekend also uncovered the wreckage of a ship that‚Ä¶ https://t.co/O0nvoa3xWF",-0.1027,0.122,0.139,0.739,15
286,CNN,Wed Mar 07 12:32:25 +0000 2018,"A onetime symbol of integrity, Megan Barry made history as Nashville's first female mayor. But she stepped down aft‚Ä¶ https://t.co/ozizgbE0hY",0.3818,0.126,0.0,0.874,14
287,CNN,Wed Mar 07 12:22:28 +0000 2018,A woman has found the world's oldest known message in a bottle after it washed up on an Australian beach. The messa‚Ä¶ https://t.co/DqSAOVsEhf,0.0,0.0,0.0,1.0,13
288,CNN,Wed Mar 07 12:20:07 +0000 2018,"5 things for Wednesday:

- White House
- Immigration
- North Korea
- UK and Russia
- Weather‚Ä¶ https://t.co/JxyrsLSDqG",0.0,0.0,0.0,1.0,12
289,CNN,Wed Mar 07 12:10:01 +0000 2018,"The Northeast is getting another winter storm, just after a weekend nor'easter brought wind, snow and flooding to t‚Ä¶ https://t.co/I9eFuRo5zD",0.0,0.0,0.0,1.0,11
290,CNN,Wed Mar 07 12:00:30 +0000 2018,Coca-Cola is launching an alcoholic drink in Japan https://t.co/MCpqpxSJT5 https://t.co/OwnrKWTpVh,0.0,0.0,0.0,1.0,10
291,CNN,Wed Mar 07 11:50:29 +0000 2018,The 2-year-old girl who was transfixed by a portrait of Michelle Obama last week got to meet the real person -- and‚Ä¶ https://t.co/wqJLhdblCt,0.0,0.0,0.0,1.0,9
292,CNN,Wed Mar 07 11:42:05 +0000 2018,"""Dumpster fire"" is in the Merriam-Webster dictionary now, defined as ""an utterly calamitous or mismanaged situation‚Ä¶ https://t.co/DRFxVBlH8g",-0.4588,0.0,0.211,0.789,8
293,CNN,Wed Mar 07 11:30:04 +0000 2018,"Gary Cohn's sudden resignation as President Trump's top economic adviser has rattled Wall Street, stoking fears the‚Ä¶ https://t.co/NUZqX4ZWo7",-0.4939,0.083,0.229,0.688,7
294,CNN,Wed Mar 07 11:23:56 +0000 2018,"The Trump administration has quietly said it will consider big game trophy imports on a ""case-by-case"" basis‚Ä¶ https://t.co/EYCc91kKuF",0.0,0.0,0.0,1.0,6
295,CNN,Wed Mar 07 10:56:16 +0000 2018,"Gary Cohn's sudden resignation as President Donald Trump's top economic adviser has rattled Wall Street, stoking fe‚Ä¶ https://t.co/WHgDWkDPLK",-0.1027,0.09,0.11,0.8,5
296,CNN,Wed Mar 07 10:40:45 +0000 2018,Mississippi could be the first state with 15-week abortion ban https://t.co/eU8lTfOp2L https://t.co/a7oBl31scw,-0.5574,0.0,0.247,0.753,4
297,CNN,Wed Mar 07 10:30:16 +0000 2018,"The porn star known as Stormy Daniels is suing President Trump, claiming that he never signed a hush agreement abou‚Ä¶ https://t.co/IPSNkHeZN7",-0.5759,0.0,0.208,0.792,3
298,CNN,Wed Mar 07 10:24:04 +0000 2018,"Detained. Beaten. Threatened with acid, rape and abuse. But the women protesting Iran's compulsory hijab law are no‚Ä¶ https://t.co/stzgy7LKka",-0.9648,0.0,0.608,0.392,2
299,CNN,Wed Mar 07 09:59:28 +0000 2018,The US government says it's sanctioning North Korea after deeming its government responsible for the murder of Kim‚Ä¶ https://t.co/sicW5sp56a,-0.5267,0.096,0.196,0.708,1
300,FoxNews,Wed Mar 07 21:05:00 +0000 2018,"Several injured in Vienna knife attack, reports say  https://t.co/gMIfsKTj6k",-0.7003,0.0,0.453,0.547,100
301,FoxNews,Wed Mar 07 20:58:00 +0000 2018,Struggling Domino's Pizza delivery driver shocked by church's generous tip https://t.co/81VQxrsU6M,-0.2023,0.201,0.311,0.488,99
302,FoxNews,Wed Mar 07 20:54:00 +0000 2018,Inmate escapes after guard transporting prisoners stops at casino in St. Louis https://t.co/5SoVmhtBo0,-0.5267,0.091,0.299,0.61,98
303,FoxNews,Wed Mar 07 20:46:00 +0000 2018,Actress Taylor Hickson sues production company over on-set disfigurement https://t.co/bbXQEAoutU,0.0,0.0,0.0,1.0,97
304,FoxNews,Wed Mar 07 20:43:00 +0000 2018,Danica Patrick says she's going to the Indy 500 to win it https://t.co/cUHfYpznFH,0.5859,0.241,0.0,0.759,96
305,FoxNews,Wed Mar 07 20:39:00 +0000 2018,"Rep. King: Dems Hoping Russia Probe Will 'Never End,' Are Leaking Closed Testimony to Media https://t.co/rspMT2wZYQ",0.4215,0.157,0.0,0.843,95
306,FoxNews,Wed Mar 07 20:32:58 +0000 2018,Daylight saving time: When and why we spring clocks forward https://t.co/Yf18NuF73S,0.0,0.0,0.0,1.0,94
307,FoxNews,Wed Mar 07 20:22:41 +0000 2018,".@RepPeteKing: Dems Hoping Russia Probe Will 'Never End,' Are Leaking Closed Testimony to Media‚Ä¶ https://t.co/R2HWRVDUWL",0.4215,0.167,0.0,0.833,93
308,FoxNews,Wed Mar 07 20:13:33 +0000 2018,".@PressSec on @POTUS' advisers: ""At the end of the day, the American people voted overwhelmingly for President Dona‚Ä¶ https://t.co/iSiw6ThQ6i",-0.128,0.0,0.077,0.923,92
309,FoxNews,Wed Mar 07 20:09:53 +0000 2018,Connecticut Governor @GovMalloyOffice: The @NRA Has Become a 'Terrorist Organization' https://t.co/7GmpB2IrU7 https://t.co/KKTyNEBgwm,-0.6908,0.0,0.32,0.68,91
310,FoxNews,Wed Mar 07 20:06:46 +0000 2018,".@PressSec on trade talks with China: ""[@POTUS] feels like the United States has been taken advantage of for far to‚Ä¶ https://t.co/1kPgglH79b",0.743,0.289,0.0,0.711,90
311,FoxNews,Wed Mar 07 20:02:17 +0000 2018,".@PressSec on admin resignations: ""This is an intense place, as [is] every @WhiteHouse, and it's not abnormal that‚Ä¶ https://t.co/A11fP4JkLU",-0.2263,0.063,0.107,0.829,89
312,FoxNews,Wed Mar 07 19:57:21 +0000 2018,".@PressSec: ""@SenSchumer is blocking nominees indiscriminately. He forces time-wasting procedural votes on nominees‚Ä¶ https://t.co/PlGewVUYix",-0.3818,0.0,0.167,0.833,88
313,FoxNews,Wed Mar 07 19:45:55 +0000 2018,.@PressSec holds a White House briefing.  https://t.co/9P6qJX3VQm,0.0,0.0,0.0,1.0,87
314,FoxNews,Wed Mar 07 19:27:52 +0000 2018,Connecticut Governor: The NRA Has Become 'Terrorist Organization' https://t.co/YKeBWSBmdr,-0.6908,0.0,0.37,0.63,86
315,FoxNews,Wed Mar 07 19:18:17 +0000 2018,Patriotic Teens Replace Family's Tattered American Flag https://t.co/4o6xzuDxKW,0.0,0.0,0.0,1.0,85
316,FoxNews,Wed Mar 07 19:04:10 +0000 2018,North Korean defector describes nation's perception of United States; @EricShawnTV reports. #OutnumberedOT https://t.co/eAjIACofoO,-0.0258,0.168,0.174,0.659,84
317,FoxNews,Wed Mar 07 18:58:16 +0000 2018,"BREAKING NEWS: Nikolas Cruz formally charged with 17 counts of murder in Valentine‚Äôs Day massacre
https://t.co/dPIkZIM2Ce",-0.7579,0.0,0.317,0.683,83
318,FoxNews,Wed Mar 07 18:54:19 +0000 2018,".@kayleighmcenany on #TXprimary: ""Not a blue wave at all... We had a half million more voters."" #OutnumberedOT https://t.co/ItayHmASza",0.0,0.0,0.0,1.0,82
319,FoxNews,Wed Mar 07 18:48:37 +0000 2018,U.S. Senate primary election in Texas - Total votes. https://t.co/S8pgT71CYq,0.0,0.0,0.0,1.0,81
320,FoxNews,Wed Mar 07 21:05:00 +0000 2018,"Several injured in Vienna knife attack, reports say  https://t.co/gMIfsKTj6k",-0.7003,0.0,0.453,0.547,80
321,FoxNews,Wed Mar 07 20:58:00 +0000 2018,Struggling Domino's Pizza delivery driver shocked by church's generous tip https://t.co/81VQxrsU6M,-0.2023,0.201,0.311,0.488,79
322,FoxNews,Wed Mar 07 20:54:00 +0000 2018,Inmate escapes after guard transporting prisoners stops at casino in St. Louis https://t.co/5SoVmhtBo0,-0.5267,0.091,0.299,0.61,78
323,FoxNews,Wed Mar 07 20:46:00 +0000 2018,Actress Taylor Hickson sues production company over on-set disfigurement https://t.co/bbXQEAoutU,0.0,0.0,0.0,1.0,77
324,FoxNews,Wed Mar 07 20:43:00 +0000 2018,Danica Patrick says she's going to the Indy 500 to win it https://t.co/cUHfYpznFH,0.5859,0.241,0.0,0.759,76
325,FoxNews,Wed Mar 07 20:39:00 +0000 2018,"Rep. King: Dems Hoping Russia Probe Will 'Never End,' Are Leaking Closed Testimony to Media https://t.co/rspMT2wZYQ",0.4215,0.157,0.0,0.843,75
326,FoxNews,Wed Mar 07 20:32:58 +0000 2018,Daylight saving time: When and why we spring clocks forward https://t.co/Yf18NuF73S,0.0,0.0,0.0,1.0,74
327,FoxNews,Wed Mar 07 20:22:41 +0000 2018,".@RepPeteKing: Dems Hoping Russia Probe Will 'Never End,' Are Leaking Closed Testimony to Media‚Ä¶ https://t.co/R2HWRVDUWL",0.4215,0.167,0.0,0.833,73
328,FoxNews,Wed Mar 07 20:13:33 +0000 2018,".@PressSec on @POTUS' advisers: ""At the end of the day, the American people voted overwhelmingly for President Dona‚Ä¶ https://t.co/iSiw6ThQ6i",-0.128,0.0,0.077,0.923,72
329,FoxNews,Wed Mar 07 20:09:53 +0000 2018,Connecticut Governor @GovMalloyOffice: The @NRA Has Become a 'Terrorist Organization' https://t.co/7GmpB2IrU7 https://t.co/KKTyNEBgwm,-0.6908,0.0,0.32,0.68,71
330,FoxNews,Wed Mar 07 20:06:46 +0000 2018,".@PressSec on trade talks with China: ""[@POTUS] feels like the United States has been taken advantage of for far to‚Ä¶ https://t.co/1kPgglH79b",0.743,0.289,0.0,0.711,70
331,FoxNews,Wed Mar 07 20:02:17 +0000 2018,".@PressSec on admin resignations: ""This is an intense place, as [is] every @WhiteHouse, and it's not abnormal that‚Ä¶ https://t.co/A11fP4JkLU",-0.2263,0.063,0.107,0.829,69
332,FoxNews,Wed Mar 07 19:57:21 +0000 2018,".@PressSec: ""@SenSchumer is blocking nominees indiscriminately. He forces time-wasting procedural votes on nominees‚Ä¶ https://t.co/PlGewVUYix",-0.3818,0.0,0.167,0.833,68
333,FoxNews,Wed Mar 07 19:45:55 +0000 2018,.@PressSec holds a White House briefing.  https://t.co/9P6qJX3VQm,0.0,0.0,0.0,1.0,67
334,FoxNews,Wed Mar 07 19:27:52 +0000 2018,Connecticut Governor: The NRA Has Become 'Terrorist Organization' https://t.co/YKeBWSBmdr,-0.6908,0.0,0.37,0.63,66
335,FoxNews,Wed Mar 07 19:18:17 +0000 2018,Patriotic Teens Replace Family's Tattered American Flag https://t.co/4o6xzuDxKW,0.0,0.0,0.0,1.0,65
336,FoxNews,Wed Mar 07 19:04:10 +0000 2018,North Korean defector describes nation's perception of United States; @EricShawnTV reports. #OutnumberedOT https://t.co/eAjIACofoO,-0.0258,0.168,0.174,0.659,64
337,FoxNews,Wed Mar 07 18:58:16 +0000 2018,"BREAKING NEWS: Nikolas Cruz formally charged with 17 counts of murder in Valentine‚Äôs Day massacre
https://t.co/dPIkZIM2Ce",-0.7579,0.0,0.317,0.683,63
338,FoxNews,Wed Mar 07 18:54:19 +0000 2018,".@kayleighmcenany on #TXprimary: ""Not a blue wave at all... We had a half million more voters."" #OutnumberedOT https://t.co/ItayHmASza",0.0,0.0,0.0,1.0,62
339,FoxNews,Wed Mar 07 18:48:37 +0000 2018,U.S. Senate primary election in Texas - Total votes. https://t.co/S8pgT71CYq,0.0,0.0,0.0,1.0,61
340,FoxNews,Wed Mar 07 18:48:09 +0000 2018,".@kayleighmcenany: ""@POTUS won Pennsylvania, Wisconsin - states no Republican has won since the 1980s. These states‚Ä¶ https://t.co/DklVOI583M",0.7351,0.327,0.097,0.575,60
341,FoxNews,Wed Mar 07 18:45:34 +0000 2018,".@Zac_Petkanas on #TXPrimary: ""We had a 105% increase in primary turnout over 2014."" #OutnumberedOT https://t.co/VygXUenluE",0.3182,0.15,0.0,0.85,59
342,FoxNews,Wed Mar 07 18:43:55 +0000 2018,".@RepPeteKing: ""Democrats want this to never end... There's no evidence at all of any Russian collusion.""‚Ä¶ https://t.co/rb6o5sS3Ez",0.2933,0.175,0.0,0.825,58
343,FoxNews,Wed Mar 07 18:42:36 +0000 2018,"RT @FoxBusiness: .@Target raises minimum wage to $12, with hopes of hitting $15 by 2020   https://t.co/G6X0SMQJUC",0.4215,0.157,0.0,0.843,57
344,FoxNews,Wed Mar 07 18:33:05 +0000 2018,"Google's artificial intelligence is being used by US military drone program, prompting concerns‚Ä¶ https://t.co/bdWNtsvNL4",0.4767,0.193,0.0,0.807,56
345,FoxNews,Wed Mar 07 18:27:48 +0000 2018,Nikolas Cruz's jail records reveal details of gunman's behavior in days after Florida school shooting https://t.co/T7xE2t30AW,0.0,0.0,0.0,1.0,55
346,FoxNews,Wed Mar 07 18:21:02 +0000 2018,".@DarrellIssa: ""This is making my state less safe. And shame on my governor. Shame on my attorney general... Shame‚Ä¶ https://t.co/bWQaKIuQRM",-0.5154,0.102,0.232,0.666,54
347,FoxNews,Wed Mar 07 18:14:29 +0000 2018,".@Judgenap: ""The Democratic Party that runs California is so beholden to the immigrant rights groups it is willing‚Ä¶ https://t.co/gidYEfWrpa",0.4019,0.13,0.0,0.87,53
348,FoxNews,Wed Mar 07 18:10:36 +0000 2018,".@DarrellIssa: ""When California thwarts the law, those criminals don't all stay in California. They'll go to adjace‚Ä¶ https://t.co/Pu23SejFLm",-0.6249,0.0,0.242,0.758,52
349,FoxNews,Wed Mar 07 18:06:46 +0000 2018,".@AGBecerra: ""You could trace all of this back to the fact that... the Trump Administration has just failed utterly‚Ä¶ https://t.co/uGeDeDY6Ei",-0.5106,0.0,0.148,0.852,51
350,FoxNews,Wed Mar 07 18:00:35 +0000 2018,"Sessions unloads on California Dems for ‚Äòradical, open borders agenda‚Äô https://t.co/mEVgdv3CGT",0.0,0.0,0.0,1.0,50
351,FoxNews,Wed Mar 07 17:59:26 +0000 2018,RT @FoxBusiness: Gary Cohn and the meeting that may have ended his White House role https://t.co/RoHNVDAUZ1,0.0,0.0,0.0,1.0,49
352,FoxNews,Wed Mar 07 17:56:39 +0000 2018,".@ChelseaClinton pushes #MeToo, but gets no questions on @BillClinton's actions or Harvey Weinstein donations. https://t.co/ZokQijpJA5",-0.4215,0.0,0.167,0.833,48
353,FoxNews,Wed Mar 07 17:54:39 +0000 2018,".@guypbenson: ""@BillClinton... is like the poster child of anti-#MeToo for much of his adult life."" #Outnumbered https://t.co/vtp9wlDKZ3",0.3612,0.135,0.0,0.865,47
354,FoxNews,Wed Mar 07 17:50:43 +0000 2018,"Ingraham Hits Back at Bush Over Trump Jab: Endless War, Financial Crisis Was Not 'Pretty Good' https://t.co/sseZLyAxxb",-0.4404,0.225,0.295,0.48,46
355,FoxNews,Wed Mar 07 17:41:52 +0000 2018,"Breaking News: Ex-Russian spy, daughter poisoned by nerve agent in ‚Äòtargeted‚Äô act, British authorities say https://t.co/kOruZVejf8",-0.4939,0.0,0.176,0.824,45
356,FoxNews,Wed Mar 07 17:40:00 +0000 2018,"""After years of rebuilding other countries - and we have built a lot of countries - it's time to start building our‚Ä¶ https://t.co/s5jQPJFuwp",0.0,0.0,0.0,1.0,44
357,FoxNews,Wed Mar 07 17:36:00 +0000 2018,"""The American dream is back and stronger than ever.""

WATCH: President @realDonaldTrump's full remarks to the Latin‚Ä¶ https://t.co/WrTzQ4oUBZ",0.5574,0.223,0.0,0.777,43
358,FoxNews,Wed Mar 07 17:35:19 +0000 2018,".@HeyTammyBruce: Unchallenged liberalism leaves homelessness, drug abuse, garbage in its wake https://t.co/spgif91wB1",-0.6369,0.0,0.276,0.724,42
359,FoxNews,Wed Mar 07 17:22:41 +0000 2018,".@POTUS: ""This is our time. This is our moment. Go get DACA. Go push those Democrats."" https://t.co/5LyKi7Rhdo",0.0,0.0,0.0,1.0,41
360,FoxNews,Wed Mar 07 17:20:24 +0000 2018,".@POTUS: ""When our people are free to live their lives and to follow their hearts, there is nothing, nothing at all‚Ä¶ https://t.co/PLpJygvgsV",0.5106,0.136,0.0,0.864,40
361,FoxNews,Wed Mar 07 17:17:36 +0000 2018,".@POTUS: ""After years of rebuilding other countries - and we have built a lot of countries - it's time to start bui‚Ä¶ https://t.co/lYAVJHSJLU",0.0,0.0,0.0,1.0,39
362,FoxNews,Wed Mar 07 17:15:45 +0000 2018,".@POTUS: ""We're trying to have a DACA victory for everybody, by the way, and @TheDemocrats are nowhere to be found."" https://t.co/5gFedacT7G",0.0,0.0,0.0,1.0,38
363,FoxNews,Wed Mar 07 17:12:49 +0000 2018,".@POTUS: ""Over 4 million workers have already received tax cut bonuses and the number continues to grow every singl‚Ä¶ https://t.co/IvI4bwUCse",0.4215,0.213,0.091,0.696,37
364,FoxNews,Wed Mar 07 17:11:08 +0000 2018,".@POTUS: ""We've created nearly 3 million jobs since the election... Today we have more Hispanic Americans working t‚Ä¶ https://t.co/YgeBKEvQpK",0.25,0.105,0.0,0.895,36
365,FoxNews,Wed Mar 07 17:08:09 +0000 2018,".@POTUS: ""The American dream is back and stronger than ever."" https://t.co/7bTimUkfJd",0.5574,0.338,0.0,0.662,35
366,FoxNews,Wed Mar 07 17:07:45 +0000 2018,".@POTUS: ""The Latino business community - and you folks are good business-people, I know that. I know that for a fa‚Ä¶ https://t.co/olUpbBNCmB",0.4404,0.146,0.0,0.854,34
367,FoxNews,Wed Mar 07 17:03:00 +0000 2018,.@POTUS delivers remarks at the Latino Coalition Legislative Summit https://t.co/TKX1PD7a4r,0.0,0.0,0.0,1.0,33
368,FoxNews,Wed Mar 07 16:58:00 +0000 2018,"AG Sessions: ""Stop treating immigration agents differently of everybody else for the purpose of eviscerating border‚Ä¶ https://t.co/1gb6XkjKur",-0.296,0.0,0.121,0.879,32
369,FoxNews,Wed Mar 07 16:56:00 +0000 2018,"AG Sessions: ""Here's my message to Mayor @LibbySchaaf: 'How dare you? How dare you needlessly endanger the lives of‚Ä¶ https://t.co/7jcbr55IET",0.0,0.0,0.0,1.0,31
370,FoxNews,Wed Mar 07 16:47:26 +0000 2018,North Korean defector describes nation's perception of United States; @EricShawnTV reports. https://t.co/mKKu9NMxWG,-0.0258,0.178,0.185,0.637,30
371,FoxNews,Wed Mar 07 16:44:35 +0000 2018,NBA owner Mark Cuban was investigated for sexually assaulting woman in 2011 https://t.co/CYJKuXgUCD,-0.5106,0.0,0.216,0.784,29
372,FoxNews,Wed Mar 07 16:35:14 +0000 2018,"AG Sessions: ""According to Acting Dir. Homan, ICE failed to make 800 arrests that would have been made if the mayor‚Ä¶ https://t.co/Y8usTbNAHy",-0.7351,0.0,0.237,0.763,28
373,FoxNews,Wed Mar 07 16:33:11 +0000 2018,"AG Sessions: ""Open borders is a radical, irrational idea that cannot be accepted... The United States of America is‚Ä¶ https://t.co/M9B7keO3Pm",0.1027,0.126,0.108,0.766,27
374,FoxNews,Wed Mar 07 16:25:29 +0000 2018,".@RepMattGaetz: ""In 2015, there was a federal court filing where Russian officials were calling Carter Page an idio‚Ä¶ https://t.co/vCLWurwE9C",0.0,0.0,0.0,1.0,26
375,FoxNews,Wed Mar 07 16:19:55 +0000 2018,Attorney General Jeff Sessions makes a major sanctuary jurisdiction announcement https://t.co/6zAQn2UOUj https://t.co/9B55owLNC1,0.0,0.0,0.0,1.0,25
376,FoxNews,Wed Mar 07 16:15:35 +0000 2018,"Missouri officer killed, 2 wounded responding to 911 call https://t.co/HypEjnCtXg https://t.co/fGC2sXbkqN",-0.6705,0.0,0.333,0.667,24
377,FoxNews,Wed Mar 07 16:09:30 +0000 2018,.@JerryBrownGov tweets about AG Jeff Sessons' visit to California. https://t.co/6zAQn2UOUj https://t.co/qwzHvX3HYS,0.0,0.0,0.0,1.0,23
378,FoxNews,Wed Mar 07 16:05:19 +0000 2018,"COMING UP: AG Sessions expected to announce lawsuit against California over ""sanctuary state"" policies.‚Ä¶ https://t.co/lyp8UDAXIV",-0.2263,0.0,0.119,0.881,22
379,FoxNews,Wed Mar 07 15:59:54 +0000 2018,"On @foxandfriends, @TomiLahren slammed the priorities of today's Democratic Party. https://t.co/fJMaI5NlPC https://t.co/EruzVc1p0L",0.4019,0.197,0.0,0.803,21
380,FoxNews,Wed Mar 07 15:52:37 +0000 2018,".@NancyPelosi slams California @ICEgov raid as 'unjust and cruel,' amid outcry over mayor's tipoff to immigrants
https://t.co/zvkVpNYiHy",-0.765,0.0,0.306,0.694,20
381,FoxNews,Wed Mar 07 15:48:17 +0000 2018,.@seanspicer Blasts 'Carnival Barker' Jim @Acosta Over Twitter Spat With Sanders https://t.co/SmjFs04L2P,0.0,0.0,0.0,1.0,19
382,FoxNews,Wed Mar 07 15:38:21 +0000 2018,".@TGowdySC: ""I don't know why the bureau would use opposition research in a court filing and they didn't bother to‚Ä¶ https://t.co/9noNZPTapQ",0.2584,0.097,0.0,0.903,18
383,FoxNews,Wed Mar 07 15:35:04 +0000 2018,".@TomiLahren: ""I think [@tedcruz's] going to win. I think he's going to win big, as are the rest of the Republicans‚Ä¶ https://t.co/X6CPVJRZhE",0.8225,0.286,0.0,0.714,17
384,FoxNews,Wed Mar 07 15:29:33 +0000 2018,First women attend Marine Combat Training Course at Camp Pendleton. https://t.co/HEs7GW2I0E,-0.34,0.0,0.194,0.806,16
385,FoxNews,Wed Mar 07 15:27:01 +0000 2018,Sen. @KamalaHarris slammed President @realDonaldTrump and his AG after the Trump @TheJusticeDept filed a lawsuit ag‚Ä¶ https://t.co/Lq8M7s1afE,-0.2263,0.0,0.112,0.888,15
386,FoxNews,Wed Mar 07 15:25:40 +0000 2018,House Democratic leaders hold a news conference https://t.co/NrVJtslqyd,0.0,0.0,0.0,1.0,14
387,FoxNews,Wed Mar 07 15:22:07 +0000 2018,Trump Administration resignations/firings. https://t.co/xU9KZNRC6I,0.0,0.0,0.0,1.0,13
388,FoxNews,Wed Mar 07 15:22:03 +0000 2018,"RT @FoxBusiness: .@POTUS: ""I like different points of view, but the White House has a tremendous energy and we have tremendous talent."" htt‚Ä¶",0.5267,0.18,0.0,0.82,12
389,FoxNews,Wed Mar 07 15:15:03 +0000 2018,TONIGHT: Attorney General Jeff Sessions sits down with @ShannonBream for an exclusive interview on ‚ÄúFox News @ Nigh‚Ä¶ https://t.co/iHUGv0EQga,0.128,0.081,0.0,0.919,11
390,FoxNews,Wed Mar 07 15:14:59 +0000 2018,".@MarshaBlackburn: ""Secure the Southern border, end chain migration, end the diversity lottery, get this wall built‚Ä¶ https://t.co/2aoBbBjypT",0.34,0.13,0.0,0.87,10
391,FoxNews,Wed Mar 07 15:10:37 +0000 2018,".@PressSec: ""[#GaryCohn's] been an integral member of the administration and he's going to continue to be a voice t‚Ä¶ https://t.co/RTI25d81hm",0.0,0.0,0.0,1.0,9
392,FoxNews,Wed Mar 07 14:54:58 +0000 2018,'We're Always Faithful to One Another': Marine Donates Kidney to Fellow Marine https://t.co/7y99p7AeRE,0.4404,0.195,0.0,0.805,8
393,FoxNews,Wed Mar 07 14:51:45 +0000 2018,"Missouri police officer killed, 2 others wounded in shooting; suspect dead https://t.co/ah4FXgVmyL",-0.9001,0.0,0.579,0.421,7
394,FoxNews,Wed Mar 07 14:22:32 +0000 2018,"20-year-old sues Dick's, Walmart over new gun policies (via @FoxBusiness) https://t.co/7yrhzGXh6U",-0.34,0.0,0.194,0.806,6
395,FoxNews,Wed Mar 07 14:13:21 +0000 2018,".@TGowdySC: ‚ÄúThe Department of Justice has a conflict, so they should not conduct this investigation‚Ä¶ I think speci‚Ä¶ https://t.co/VAjzWsCyiY",0.2732,0.164,0.111,0.725,5
396,FoxNews,Wed Mar 07 14:05:08 +0000 2018,'It Makes Me Angry': Biden Says Some Dems 'Don't Get' Blue-Collar Voters https://t.co/fJMaI5NlPC,0.0,0.0,0.0,1.0,4
397,FoxNews,Wed Mar 07 14:02:08 +0000 2018,.@WVGovernor: ‚ÄúEvery aspect of what the Trump administration is doing is helping us in every way.‚Äù https://t.co/szzi9G6pzY,0.296,0.121,0.0,0.879,3
398,FoxNews,Wed Mar 07 13:47:05 +0000 2018,"RT @FoxBusiness: .@stevenmnuchin1: ""NAFTA is an old deal. [@POTUS] wants to renegotiate that deal."" https://t.co/QGgis0u789",0.0,0.0,0.0,1.0,2
399,FoxNews,Wed Mar 07 13:46:51 +0000 2018,"RT @FoxBusiness: .@stevenmnuchin1: ""This is about making sure that American companies have a level playing field."" https://t.co/Vp2VzPRena‚Ä¶",0.4767,0.227,0.0,0.773,1
400,nytimes,Wed Mar 07 21:05:08 +0000 2018,Kevin Zeich had 3 and a half years left on his prison sentence. His doctors said he had less than half that long to‚Ä¶ https://t.co/NHQxoMKErO,-0.4588,0.051,0.129,0.82,100
401,nytimes,Wed Mar 07 21:00:25 +0000 2018,"Billy Graham wrote the first 17 issues of ‚ÄúLuke Cage, Hero for Hire.‚Äù Then he went on to draw the Black Panther. https://t.co/mJeUCkrVHI",0.5574,0.141,0.0,0.859,99
402,nytimes,Wed Mar 07 20:45:06 +0000 2018,Forests protect the climate. A future with more storms would mean trouble. https://t.co/EXj9IVwB37,-0.0258,0.17,0.176,0.654,98
403,nytimes,Wed Mar 07 20:39:34 +0000 2018,"RT @nytimesbusiness: A ""modest experiment"" from Coca-Cola: a spiked, sparkly beverage for the Japanese market. https://t.co/i7m2DLr8QY",0.0,0.0,0.0,1.0,97
404,nytimes,Wed Mar 07 20:36:06 +0000 2018,"When Emma Gonz√°lez's name started trending on Twitter, she did not know how to use it. She now has 1.2 million foll‚Ä¶ https://t.co/cZ7hjfMGwV",0.0,0.0,0.0,1.0,96
405,nytimes,Wed Mar 07 20:30:12 +0000 2018,"Lawyers worked relentlessly to discredit the alleged victim‚Äôs account. They showed off her Halloween costume, a bla‚Ä¶ https://t.co/cUk9bhaalB",0.0,0.0,0.0,1.0,95
406,nytimes,Wed Mar 07 20:20:56 +0000 2018,RT @NYTNational: The evening commute could get messy. Here's the latest on the nor'easter https://t.co/Sf1i7wYIPV,-0.3612,0.0,0.152,0.848,94
407,nytimes,Wed Mar 07 20:17:46 +0000 2018,"RT @fmanjoo: I spent 2 months getting the news mostly from print. It changed my life.

I was better informed, less anxious, and I had tons‚Ä¶",0.2944,0.118,0.069,0.813,93
408,nytimes,Wed Mar 07 20:15:06 +0000 2018,School officials called the podcast ‚Äúconcerning‚Äù and said the teacher had been removed from the classroom https://t.co/GIwIdVNGnj,0.0,0.0,0.0,1.0,92
409,nytimes,Wed Mar 07 20:00:25 +0000 2018,It is believed to be the oldest known message in a bottle ever recovered https://t.co/80UquQH4vs,0.0,0.0,0.0,1.0,91
410,nytimes,Wed Mar 07 19:45:05 +0000 2018,"Fans of the book and admirers of Ava DuVernay‚Äôs work can breathe a sigh of relief, and some may also find that thei‚Ä¶ https://t.co/79AxAes6aH",0.7096,0.257,0.0,0.743,90
411,nytimes,Wed Mar 07 19:30:27 +0000 2018,South Korean envoys were not prepared for how daring Kim Jong-un could be in his charm offensive https://t.co/JjLTugDYxv,0.1366,0.218,0.196,0.587,89
412,nytimes,Wed Mar 07 19:15:13 +0000 2018,"RT @danielle_ivory: Hundreds of former Trump campaign workers have been hired at every major federal agency. At the White House, there have‚Ä¶",0.0,0.0,0.0,1.0,88
413,nytimes,Wed Mar 07 19:00:38 +0000 2018,"The cells that eat, regurgitate and then re-eat your tattoos https://t.co/YqPl80y1TI",0.0,0.0,0.0,1.0,87
414,nytimes,Wed Mar 07 18:50:09 +0000 2018,Peter Thiel warned for years that the big tech companies were arrogant and clueless and less good for mankind than‚Ä¶ https://t.co/CDL27t8iu2,-0.6361,0.095,0.285,0.62,86
415,nytimes,Wed Mar 07 18:40:42 +0000 2018,‚ÄúThis is basically going to war.‚Äù California‚Äôs governor struck back after Attorney General Jeff Sessions attacked t‚Ä¶ https://t.co/CwetPpkj9a,-0.6124,0.0,0.238,0.762,85
416,nytimes,Wed Mar 07 18:27:53 +0000 2018,Should Germany‚Äôs national anthem drop the words ‚Äúfatherland‚Äù and ‚Äúbrotherly‚Äù? An official suggested some ways to ma‚Ä¶ https://t.co/mtjTh840M2,-0.2732,0.0,0.11,0.89,84
417,nytimes,Wed Mar 07 18:12:50 +0000 2018,"A week's worth of gas. A few gallons of milk. Few are complaining, but many in the working class are not feeling fl‚Ä¶ https://t.co/sB9O02xef3",-0.1293,0.062,0.126,0.812,83
418,nytimes,Wed Mar 07 18:00:40 +0000 2018,"The number of public psychiatric beds in the U.S. has plunged, and the need for acute care is pressing. But what to‚Ä¶ https://t.co/mt8k1ew9yN",0.5423,0.176,0.0,0.824,82
419,nytimes,Wed Mar 07 17:54:59 +0000 2018,"Breaking News: An ex-Russian spy and his daughter were poisoned by a nerve agent in England, the police said, raisi‚Ä¶ https://t.co/Puh2ttTkSL",-0.4939,0.0,0.144,0.856,81
420,nytimes,Wed Mar 07 21:05:08 +0000 2018,Kevin Zeich had 3 and a half years left on his prison sentence. His doctors said he had less than half that long to‚Ä¶ https://t.co/NHQxoMKErO,-0.4588,0.051,0.129,0.82,80
421,nytimes,Wed Mar 07 21:00:25 +0000 2018,"Billy Graham wrote the first 17 issues of ‚ÄúLuke Cage, Hero for Hire.‚Äù Then he went on to draw the Black Panther. https://t.co/mJeUCkrVHI",0.5574,0.141,0.0,0.859,79
422,nytimes,Wed Mar 07 20:45:06 +0000 2018,Forests protect the climate. A future with more storms would mean trouble. https://t.co/EXj9IVwB37,-0.0258,0.17,0.176,0.654,78
423,nytimes,Wed Mar 07 20:39:34 +0000 2018,"RT @nytimesbusiness: A ""modest experiment"" from Coca-Cola: a spiked, sparkly beverage for the Japanese market. https://t.co/i7m2DLr8QY",0.0,0.0,0.0,1.0,77
424,nytimes,Wed Mar 07 20:36:06 +0000 2018,"When Emma Gonz√°lez's name started trending on Twitter, she did not know how to use it. She now has 1.2 million foll‚Ä¶ https://t.co/cZ7hjfMGwV",0.0,0.0,0.0,1.0,76
425,nytimes,Wed Mar 07 20:30:12 +0000 2018,"Lawyers worked relentlessly to discredit the alleged victim‚Äôs account. They showed off her Halloween costume, a bla‚Ä¶ https://t.co/cUk9bhaalB",0.0,0.0,0.0,1.0,75
426,nytimes,Wed Mar 07 20:20:56 +0000 2018,RT @NYTNational: The evening commute could get messy. Here's the latest on the nor'easter https://t.co/Sf1i7wYIPV,-0.3612,0.0,0.152,0.848,74
427,nytimes,Wed Mar 07 20:17:46 +0000 2018,"RT @fmanjoo: I spent 2 months getting the news mostly from print. It changed my life.

I was better informed, less anxious, and I had tons‚Ä¶",0.2944,0.118,0.069,0.813,73
428,nytimes,Wed Mar 07 20:15:06 +0000 2018,School officials called the podcast ‚Äúconcerning‚Äù and said the teacher had been removed from the classroom https://t.co/GIwIdVNGnj,0.0,0.0,0.0,1.0,72
429,nytimes,Wed Mar 07 20:00:25 +0000 2018,It is believed to be the oldest known message in a bottle ever recovered https://t.co/80UquQH4vs,0.0,0.0,0.0,1.0,71
430,nytimes,Wed Mar 07 19:45:05 +0000 2018,"Fans of the book and admirers of Ava DuVernay‚Äôs work can breathe a sigh of relief, and some may also find that thei‚Ä¶ https://t.co/79AxAes6aH",0.7096,0.257,0.0,0.743,70
431,nytimes,Wed Mar 07 19:30:27 +0000 2018,South Korean envoys were not prepared for how daring Kim Jong-un could be in his charm offensive https://t.co/JjLTugDYxv,0.1366,0.218,0.196,0.587,69
432,nytimes,Wed Mar 07 19:15:13 +0000 2018,"RT @danielle_ivory: Hundreds of former Trump campaign workers have been hired at every major federal agency. At the White House, there have‚Ä¶",0.0,0.0,0.0,1.0,68
433,nytimes,Wed Mar 07 19:00:38 +0000 2018,"The cells that eat, regurgitate and then re-eat your tattoos https://t.co/YqPl80y1TI",0.0,0.0,0.0,1.0,67
434,nytimes,Wed Mar 07 18:50:09 +0000 2018,Peter Thiel warned for years that the big tech companies were arrogant and clueless and less good for mankind than‚Ä¶ https://t.co/CDL27t8iu2,-0.6361,0.095,0.285,0.62,66
435,nytimes,Wed Mar 07 18:40:42 +0000 2018,‚ÄúThis is basically going to war.‚Äù California‚Äôs governor struck back after Attorney General Jeff Sessions attacked t‚Ä¶ https://t.co/CwetPpkj9a,-0.6124,0.0,0.238,0.762,65
436,nytimes,Wed Mar 07 18:27:53 +0000 2018,Should Germany‚Äôs national anthem drop the words ‚Äúfatherland‚Äù and ‚Äúbrotherly‚Äù? An official suggested some ways to ma‚Ä¶ https://t.co/mtjTh840M2,-0.2732,0.0,0.11,0.89,64
437,nytimes,Wed Mar 07 18:12:50 +0000 2018,"A week's worth of gas. A few gallons of milk. Few are complaining, but many in the working class are not feeling fl‚Ä¶ https://t.co/sB9O02xef3",-0.1293,0.062,0.126,0.812,63
438,nytimes,Wed Mar 07 18:00:40 +0000 2018,"The number of public psychiatric beds in the U.S. has plunged, and the need for acute care is pressing. But what to‚Ä¶ https://t.co/mt8k1ew9yN",0.5423,0.176,0.0,0.824,62
439,nytimes,Wed Mar 07 17:54:59 +0000 2018,"Breaking News: An ex-Russian spy and his daughter were poisoned by a nerve agent in England, the police said, raisi‚Ä¶ https://t.co/Puh2ttTkSL",-0.4939,0.0,0.144,0.856,61
440,nytimes,Wed Mar 07 17:47:40 +0000 2018,"The database, assembled through hundreds of open records requests: https://t.co/qmIcm8RXvL",0.0,0.0,0.0,1.0,60
441,nytimes,Wed Mar 07 17:45:49 +0000 2018,"A database of the employees, assembled by ProPublica, offers a comprehensive look at how Trump is influencing the d‚Ä¶ https://t.co/7KQuMGN1RS",0.25,0.105,0.0,0.895,59
442,nytimes,Wed Mar 07 17:44:03 +0000 2018,The Trump administration has hired at least 187 former lobbyists and 125 people with ties to conservative think tan‚Ä¶ https://t.co/Jknl13waaj,-0.6249,0.0,0.177,0.823,58
443,nytimes,Wed Mar 07 17:43:52 +0000 2018,"""The greatest challenge to lasting weight loss is the fact that no one can give up eating. Rather, one has to learn‚Ä¶ https://t.co/2sxwOrYwqM",0.25,0.19,0.155,0.655,57
444,nytimes,Wed Mar 07 17:27:52 +0000 2018,An opponent of the bill has said he would fight it: ‚ÄúI will present an amendment that the frontage road be designat‚Ä¶ https://t.co/XnkXDs10it,-0.3818,0.0,0.106,0.894,56
445,nytimes,Wed Mar 07 17:26:18 +0000 2018,"A Utah lawmaker has introduced a bill that would rename the state‚Äôs most scenic route, which rolls through iconic n‚Ä¶ https://t.co/w2EmEqaALT",0.0,0.0,0.0,1.0,55
446,nytimes,Wed Mar 07 17:18:08 +0000 2018,"RT @EricLiptonNYT: JUST POSTED: Trump admin has appointed at least 254 former Trump campaign staffers, in spots across federal government,‚Ä¶",0.0,0.0,0.0,1.0,54
447,nytimes,Wed Mar 07 17:15:10 +0000 2018,"The Vatican announced that Pope Paul VI and the slain Salvadoran Archbishop √ìscar Romero will be made saints, after‚Ä¶ https://t.co/BQXYsA0ojj",0.0,0.0,0.0,1.0,53
448,nytimes,Wed Mar 07 17:12:07 +0000 2018,"RT @nytimesarts: ‚ÄúA Wrinkle in Time‚Äù is faithful to the affirmative, democratic intelligence of the book, our critic A.O. Scott writes http‚Ä¶",0.5994,0.221,0.077,0.701,52
449,nytimes,Wed Mar 07 17:00:30 +0000 2018,Amazon will offer a discount on its Prime membership program to the millions of recipients of Medicaid https://t.co/etPOjTD2Jj,0.1779,0.096,0.0,0.904,51
450,nytimes,Wed Mar 07 16:45:13 +0000 2018,"On Queer Eye, @Antoni Porowski imparts lessons in home cooking that often involve ü•ë. Some might say too often. But‚Ä¶ https://t.co/VJpLYh1UZU",0.0,0.0,0.0,1.0,50
451,nytimes,Wed Mar 07 16:36:04 +0000 2018,"More than 2,000 flights had been canceled across the country on Wednesday, many at airports in the storm‚Äôs path https://t.co/eRJc93XZ9O",0.0,0.0,0.0,1.0,49
452,nytimes,Wed Mar 07 16:30:27 +0000 2018,Bricklayers think they‚Äôre safe from robots. Decide for yourself. https://t.co/USUzR5wJ3Y https://t.co/RTYSyyK79c,0.4404,0.225,0.0,0.775,48
453,nytimes,Wed Mar 07 16:23:02 +0000 2018,Business leaders are lamenting the loss of one of their own from what is among the U.S.‚Äôs most important economic p‚Ä¶ https://t.co/jQSiXJWgIC,-0.4951,0.079,0.201,0.72,47
454,nytimes,Wed Mar 07 16:15:10 +0000 2018,"If ""The Bachelor"" is love, our watchers agree, let's all die alone https://t.co/xc05ijrKCu",0.2023,0.31,0.273,0.417,46
455,nytimes,Wed Mar 07 16:06:02 +0000 2018,"Stocks fell in early trading on Wall Street, a day after President Trump‚Äôs top economic adviser, Gary Cohn, said he‚Ä¶ https://t.co/u6bhiuVrqN",0.2023,0.087,0.0,0.913,45
456,nytimes,Wed Mar 07 16:00:30 +0000 2018,"In Opinion

Op-Ed contributor Victor Blue writes, ""Afghanistan is more dangerous for civilians than ever. Without r‚Ä¶ https://t.co/pvvpG3xXYZ",-0.5256,0.0,0.166,0.834,44
457,nytimes,Wed Mar 07 15:51:07 +0000 2018,"The picture shows a boy perched on a sofa, reaching for a pink flower. It's the sort of snapshot parents all over t‚Ä¶ https://t.co/UlAZ7auLOe",0.2023,0.083,0.0,0.917,43
458,nytimes,Wed Mar 07 15:39:39 +0000 2018,"RT @nytimesworld: Caught between two allies: The U.S. is under pressure from Turkey, a NATO member, to stop American-backed Kurdish forces‚Ä¶",-0.5267,0.0,0.196,0.804,42
459,nytimes,Wed Mar 07 15:37:05 +0000 2018,"In Opinion,

Op-Ed contributor John Quiggin writes, ""Dividing society by generation obscures the real and enduring‚Ä¶ https://t.co/WXt8afIYia",0.0,0.0,0.0,1.0,41
460,nytimes,Wed Mar 07 15:33:05 +0000 2018,"Anatoly Lein, a Russian-born American chess grandmaster who was among the world's top 30 players at his peak, has d‚Ä¶ https://t.co/g5Lhw4W44i",0.2023,0.087,0.0,0.913,40
461,nytimes,Wed Mar 07 15:30:00 +0000 2018,"Balkrishna Doshi, 90, a pioneer of low-cost housing, was awarded the Pritzker Prize, architecture‚Äôs highest honor https://t.co/Vyaev36ebw",0.8481,0.414,0.0,0.586,39
462,nytimes,Wed Mar 07 15:18:03 +0000 2018,"When her father's request for ""compassionate release"" was finally approved, prison officials told her he'd be comin‚Ä¶ https://t.co/SWp3DsZjrD",0.4019,0.247,0.136,0.617,38
463,nytimes,Wed Mar 07 15:11:06 +0000 2018,EU officials unveiled an array of tariffs that they would place on American-made goods if the United States imposed‚Ä¶ https://t.co/raGb0ZOtvu,0.4215,0.128,0.0,0.872,37
464,nytimes,Wed Mar 07 15:00:37 +0000 2018,Morning¬†Briefing: Here's what you need to know to start your day https://t.co/CTZm6dLWwI https://t.co/5LoYSE9X98,0.0,0.0,0.0,1.0,36
465,nytimes,Wed Mar 07 14:50:11 +0000 2018,Jimmy Kimmel struck back at President Trump after Trump ribbed the Academy Awards show for its low ratings. Our lat‚Ä¶ https://t.co/vvXJEuZJ7Q,-0.0258,0.12,0.163,0.717,35
466,nytimes,Wed Mar 07 14:40:09 +0000 2018,The United States Holocaust Memorial Museum has revoked a prestigious human rights award it had given to Daw Aung S‚Ä¶ https://t.co/a7VU7BS5Cz,0.743,0.259,0.0,0.741,34
467,nytimes,Wed Mar 07 14:30:05 +0000 2018,"Cynthia Nixon, the ""Sex and the City"" actress, is studying up on the subway: It's a weak spot for Governor Cuomo, w‚Ä¶ https://t.co/Xy67VISSG9",-0.4404,0.0,0.121,0.879,33
468,nytimes,Wed Mar 07 14:15:08 +0000 2018,President Trump's claims are often contradicted by his own economic council https://t.co/y6Rrp52yFH,-0.3182,0.0,0.173,0.827,32
469,nytimes,Wed Mar 07 14:00:14 +0000 2018,"""Turning off the buzzing breaking-news machine I carry in my pocket was like unshackling myself from a monster who‚Ä¶ https://t.co/uJoNbN2aeT",0.3612,0.128,0.0,0.872,31
470,nytimes,Wed Mar 07 13:44:01 +0000 2018,Donald Trump intentionally never signed a nondisclosure agreement in 2016 so that he could later disavow knowledge‚Ä¶ https://t.co/QfnUpr91w9,-0.3875,0.0,0.141,0.859,30
471,nytimes,Wed Mar 07 13:30:20 +0000 2018,"Democrats in Texas's biggest cities came out in large numbers, but Republicans still cast more ballots over all https://t.co/W7zA9zgl9s",0.0,0.0,0.0,1.0,29
472,nytimes,Wed Mar 07 13:14:06 +0000 2018,"For the first time, a Belgian criminal court has convicted a man of ""sexism in the public space,"" for verbally abus‚Ä¶ https://t.co/Akm6HzLB6C",-0.5267,0.0,0.152,0.848,28
473,nytimes,Wed Mar 07 13:00:32 +0000 2018,Morning¬†Briefing: Here's what you need to know to start your day https://t.co/uJRYazQhjP https://t.co/4H4BoT74GQ,0.0,0.0,0.0,1.0,27
474,nytimes,Wed Mar 07 12:45:06 +0000 2018,"Gary Cohn, President Trump's top economic adviser, said that he would resign. His free-trade views clashed with Tru‚Ä¶ https://t.co/n3KOtz8jSg",-0.1531,0.085,0.113,0.802,26
475,nytimes,Wed Mar 07 12:30:08 +0000 2018,Full results and maps from the Texas primaries https://t.co/WhLZDBW58T,0.0,0.0,0.0,1.0,25
476,nytimes,Wed Mar 07 12:14:07 +0000 2018,A winter storm is set to blanket New York with snow this morning. Here's what you need to know for your commute: https://t.co/dElaiWOkhQ,0.0,0.0,0.0,1.0,24
477,nytimes,Wed Mar 07 12:00:28 +0000 2018,South Korean envoys said that North Korea was open to negotiations with the United States over its nuclear program https://t.co/DoRWBTTx3q,0.4215,0.128,0.0,0.872,23
478,nytimes,Wed Mar 07 11:44:03 +0000 2018,Republicans fear that moving ahead with the tariffs could send the party ‚Äî not to mention the economy ‚Äî spiraling i‚Ä¶ https://t.co/0cuEHwIWWc,-0.128,0.113,0.134,0.753,22
479,nytimes,Wed Mar 07 11:30:19 +0000 2018,Morning¬†Briefing: Here's what you need to know to start your day https://t.co/FQ9skfd8cD https://t.co/FOqSi6yT1I,0.0,0.0,0.0,1.0,21
480,nytimes,Wed Mar 07 11:13:02 +0000 2018,The Northeast United States is bracing for the second major winter storm in less than a week. A foot of snow is exp‚Ä¶ https://t.co/Jb1W82k8bd,0.4215,0.118,0.0,0.882,20
481,nytimes,Wed Mar 07 11:00:26 +0000 2018,"RT @PatrickKingsley: On Sunday, Sergey Skripal seems to have turned right past the library, down an alleyway, past the gym on the left, ove‚Ä¶",0.0,0.0,0.0,1.0,19
482,nytimes,Wed Mar 07 10:45:12 +0000 2018,How Trump's tariffs would affect Australia https://t.co/DxNa9Uoqdf,0.0,0.0,0.0,1.0,18
483,nytimes,Wed Mar 07 10:30:14 +0000 2018,"RT @nytimesworld: Millions of women and children work as sex slaves in India. Meet the woman who has put her life at risk to rescue 20,000‚Ä¶",0.296,0.112,0.071,0.816,17
484,nytimes,Wed Mar 07 10:16:06 +0000 2018,"""Citizens have become traumatized. People are confused and frightened and many more are refusing to return to their‚Ä¶ https://t.co/3I9mkvKTWT",-0.8714,0.0,0.42,0.58,16
485,nytimes,Wed Mar 07 10:00:10 +0000 2018,"George Nader, an adviser to the United Arab Emirates who grew close to Steve Bannon and Jared Kushner, is cooperati‚Ä¶ https://t.co/EGTzbbvr4L",0.4215,0.123,0.0,0.877,15
486,nytimes,Wed Mar 07 09:44:01 +0000 2018,RT @nytimesworld: North Korea‚Äôs sudden willingness to bargain with the Trump administration over scrapping the North's atomic arsenal raise‚Ä¶,0.4404,0.187,0.0,0.813,14
487,nytimes,Wed Mar 07 09:30:06 +0000 2018,"UN investigators have linked Russian forces to a possible war crime in Syria for the first time, reporting that a R‚Ä¶ https://t.co/ynSAIA0FwQ",-0.8126,0.0,0.291,0.709,13
488,nytimes,Wed Mar 07 09:16:04 +0000 2018,RT @nytimesworld: A jaywalker who insulted a female police officer has become the first man convicted under a Belgian law against public se‚Ä¶,-0.5106,0.0,0.148,0.852,12
489,nytimes,Wed Mar 07 09:02:03 +0000 2018,"Stormy Daniels files suit, claiming Trump never signed ""hush agreement"" https://t.co/M7cjoMjSYQ",-0.3875,0.0,0.208,0.792,11
490,nytimes,Wed Mar 07 08:47:02 +0000 2018,"RT @nytimesworld: As North Korea opens the door to diplomacy, an assassination leads to new American sanctions https://t.co/5EbNUH1qLJ",-0.5994,0.0,0.187,0.813,10
491,nytimes,Wed Mar 07 08:32:07 +0000 2018,"Low-effort, high-reward cooking for when you're hungry and exhausted https://t.co/BisvP4ThKl https://t.co/BFtCXRh0IA",-0.3612,0.0,0.2,0.8,9
492,nytimes,Wed Mar 07 08:17:02 +0000 2018,RT @AKannapell: What We‚Äôre Reading: @JaneMayerNYer on Christopher Steele (via @jimrutenberg) and @nkulish on tallness in @topicstories (via‚Ä¶,0.0,0.0,0.0,1.0,8
493,nytimes,Wed Mar 07 08:09:43 +0000 2018,TRENDING: How Skipping Hotel Housekeeping Can Help the Environment and Your Wallet https://t.co/xygqPAPdZD,0.4019,0.184,0.0,0.816,7
494,nytimes,Wed Mar 07 08:02:03 +0000 2018,"In one of China‚Äôs biggest cities, the women-only subway cars are full of men https://t.co/yvtLlhRESu",0.0,0.0,0.0,1.0,6
495,nytimes,Wed Mar 07 07:38:54 +0000 2018,"The actress Cynthia Nixon is talking with 2 veteran Democratic political operatives, a sign that she may be moving‚Ä¶ https://t.co/DUSvcFYKbv",0.0,0.0,0.0,1.0,5
496,nytimes,Wed Mar 07 07:21:27 +0000 2018,One famous designer chair is oozing goop. Another has exploded into puffs of foam. A bookcase‚Äôs shelves bubbled as‚Ä¶ https://t.co/3PXFWCB6Fn,0.0,0.0,0.0,1.0,4
497,nytimes,Wed Mar 07 07:04:23 +0000 2018,"""It's always good news when you find penguins,"" a researcher says of the discovery of 1.5 million Ad√©lie penguins i‚Ä¶ https://t.co/RRHHQZW7LO",0.4404,0.132,0.0,0.868,3
498,nytimes,Wed Mar 07 06:48:04 +0000 2018,RT @nytimesworld: North Korea‚Äôs sudden willingness to bargain with the Trump administration over scrapping the North's atomic arsenal raise‚Ä¶,0.4404,0.187,0.0,0.813,2
499,nytimes,Wed Mar 07 06:41:56 +0000 2018,"Texas Democrats Surge to Polls, in Show of Anti-Trump Sentiment https://t.co/PBsqMXisUY",0.0,0.0,0.0,1.0,1
